Masked Well Name,Fuel Type,Fuel Value,R_1,R_2,R_3,R_4,R_5,R_6,R_7,R_8,R_9,R_10,R_11,R_12,R_13,R_14,R_15,R_16,R_17,R_18,R_19,R_20,R_21,R_22,R_23,R_24,R_25,R_26,R_27,R_28,R_29,R_30,R_31,R_32,R_33,R_34,R_35,R_36,R_37,R_38,R_39,R_40,R_41,R_42,R_43,R_44,R_45,R_46,R_47,R_48,R_49,R_50,R_51,R_52,R_53,R_54,R_55,R_56,R_57,R_58,R_59,R_60,R_61,R_62,R_63,R_64,R_65,R_66,R_67,R_68,R_69,R_70,R_71,R_72,R_73,R_74,R_75,R_76,R_77,R_78,R_79,R_80,R_81,R_82,R_83,R_84,R_85,R_86,R_87,R_88,R_89,R_90,R_91,R_92,R_93,R_94,R_95,R_96,R_97,R_98,R_99,R_100
Richmond 5H,Grid,1894834.0763333333,1894044.51355,1928776.2385500001,1894044.51355,1859312.78855,1859312.78855,1859312.78855,1928776.2385500001,1848873.08855,1894044.51355,1882467.2718833333,1905621.7552166667,1894044.51355,1859312.78855,1928776.2385500001,1870890.0302166669,1928776.2385500001,1928776.2385500001,1928776.2385500001,1821243.18855,1874344.43855,1905621.7552166667,1882467.2718833333,1779798.33855,1928776.2385500001,1928776.2385500001,1859312.78855,1900990.85855,1859312.78855,1876678.65105,1887098.16855,1928776.2385500001,1911410.37605,1928776.2385500001,1928776.2385500001,1928776.2385500001,1859312.78855,1779798.33855,1859312.78855,1928776.2385500001,1928776.2385500001,1902727.4448,1851319.5218833333,1848873.08855,1859312.78855,1882467.2718833333,1928776.2385500001,1905621.7552166667,1928776.2385500001,1911410.37605,1928776.2385500001,1894044.51355,1887098.16855,1859312.78855,1882467.2718833333,1905621.7552166667,1876678.65105,1894044.51355,1902727.4448,1899815.78855,1928776.2385500001,1842829.0718833334,1873205.47855,1894044.51355,1928776.2385500001,1859312.78855,1928776.2385500001,1928776.2385500001,1859312.78855,1928776.2385500001,1928776.2385500001,1859312.78855,1501211.9885500001,1928776.2385500001,1894044.51355,1859312.78855,1882467.2718833333,1859312.78855,1905621.7552166667,1844340.07605,2673097.92605,1859312.78855,1859312.78855,1928776.2385500001,1905621.7552166667,1928776.2385500001,1876678.65105,1894044.51355,1894044.51355,1905621.7552166667,1928776.2385500001,1928776.2385500001,1859312.78855,1928776.2385500001,1859312.78855,1894044.51355,1859312.78855,1859312.78855,1894044.51355,1874344.43855,1905621.7552166667
Mecosta 3H,Grid,1814039.6759166666,1513331.1486125002,1940895.3986125,1814942.4152791668,1851926.2236125001,1894954.0486125,1513331.1486125002,1856459.2361125,1860992.2486125,1791917.4986125,1894586.4319458334,1917740.9152791668,1906163.6736125,1513331.1486125002,1877973.1486125,1513331.1486125002,1791917.4986125,1837967.3319458333,1940895.3986125,1513331.1486125002,1886463.5986125001,1917740.9152791668,1894586.4319458334,1791917.4986125,1894954.0486125,1513331.1486125002,1829735.9386125002,1513331.1486125002,1839190.5486125,1888797.8111125,1513331.1486125002,1513331.1486125002,1791917.4986125,1894954.0486125,1940895.3986125,1877973.1486125,1871431.9486125,1791917.4986125,1911934.9486125,1940895.3986125,1513331.1486125002,1881930.5861125,1863438.6819458334,1860992.2486125,1871431.9486125,1894586.4319458334,1911934.9486125,1814942.4152791668,1940895.3986125,1923529.5361125001,1851926.2236125001,1906163.6736125,1899217.3286124999,1871431.9486125,1894586.4319458334,1917740.9152791668,1888797.8111125,1906163.6736125,1914846.6048625,1911934.9486125,1839190.5486125,1513331.1486125002,1894954.0486125,1906163.6736125,1940895.3986125,1871431.9486125,1513331.1486125002,1894954.0486125,1513331.1486125002,1877973.1486125,1940895.3986125,1833362.3486125001,1513331.1486125002,1513331.1486125002,1851926.2236125001,1871431.9486125,1819547.3986125,1854948.2319458332,1917740.9152791668,1513331.1486125002,2685217.0861125,1871431.9486125,1871431.9486125,1791917.4986125,1860992.2486125,1513331.1486125002,1911934.9486125,1831923.3152791667,1513331.1486125002,1917740.9152791668,1513331.1486125002,1854948.2319458332,1911934.9486125,1940895.3986125,1871431.9486125,1881930.5861125,1871431.9486125,1871431.9486125,1886463.5986125001,1513331.1486125002,1917740.9152791668
St. John the Baptist 4H,Grid,965372.51,990302.7735,990302.7735,990302.7735,990302.7735,930575.2235,990302.7735,990302.7735,990302.7735,1065469.0735,990302.7735,1038255.4735,990302.7735,893062.2235,930575.2235,990302.7735,990302.7735,990302.7735,990302.7735,975295.2735,990302.7735,990302.7735,990302.7735,930575.2235,930575.2235,975295.2735,990302.7735,990302.7735,893062.2235,975295.2735,990302.7735,990302.7735,930575.2235,930575.2235,930575.2235,975295.2735,893062.2235,975295.2735,930575.2235,975295.2735,975295.2735,930575.2235,930575.2235,990302.7735,990302.7735,990302.7735,975295.2735,893062.2235,975295.2735,893062.2235,990302.7735,975295.2735,930575.2235,893062.2235,990302.7735,930575.2235,990302.7735,930575.2235,990302.7735,930575.2235,975295.2735,893062.2235,990302.7735,990302.7735,930575.2235,930575.2235,975295.2735,975295.2735,990302.7735,930575.2235,930575.2235,893062.2235,990302.7735,893062.2235,1065469.0735,990302.7735,990302.7735,990302.7735,930575.2235,975295.2735,975295.2735,975295.2735,975295.2735,930575.2235,975295.2735,975295.2735,990302.7735,990302.7735,975295.2735,990302.7735,990302.7735,930575.2235,893062.2235,975295.2735,930575.2235,990302.7735,990302.7735,975295.2735,990302.7735,975295.2735,930575.2235
Owyhee 1H,Grid,2529027.7807301586,2596210.2662238097,2600555.732890476,2523244.682890476,2577968.870390476,2587648.9543190473,2600555.732890476,1749211.020390476,2594037.5328904763,2582486.242890476,2558641.107890476,2549015.0328904763,2574785.382890476,2594037.5328904763,2574709.770390476,2577968.870390476,2591864.7995571424,2577271.682890476,2594037.5328904763,2549015.0328904763,2571450.670390476,2594037.5328904763,2574785.382890476,2566094.4495571423,2569631.312890476,2600555.732890476,2551561.8228904763,2549015.0328904763,2577271.682890476,2594037.5328904763,2594037.5328904763,2523244.682890476,2561900.207890476,2523244.682890476,2594037.5328904763,2555382.007890476,2591864.7995571424,2594037.5328904763,2579598.420390476,2539313.3453904763,2523244.682890476,2561900.207890476,2600555.732890476,2551811.194001587,2587648.9543190473,2523244.682890476,2596210.2662238097,2565560.082890476,2561900.207890476,2561900.207890476,2570439.9162238096,2587519.332890476,2523244.682890476,2582486.242890476,2523244.682890476,2597948.4528904757,2570439.9162238096,1798915.457890476,2582486.242890476,2574709.770390476,2564416.752890476,2561900.207890476,2583325.0912238094,2570439.9162238096,2594037.5328904763,2587519.332890476,2561900.207890476,2587519.332890476,2523244.682890476,2558641.107890476,2523244.682890476,2555382.007890476,2523244.682890476,2600555.732890476,2587519.332890476,2570439.9162238096,2555382.007890476,2574785.382890476,2577968.870390476,2523244.682890476,2577968.870390476,1764183.732890476,2561900.207890476,2561900.207890476,2600555.732890476,2571450.670390476,2570439.9162238096,2549015.0328904763,2523244.682890476,2595341.172890476,2587519.332890476,1747700.0162238092,2587519.332890476,2561900.207890476,2561900.207890476,2577968.870390476,2570439.9162238096,2549015.0328904763,2559727.4745571427,1779215.3828904761,2555382.007890476
Pinellas 2H,Grid,1384451.57,1415580.2645,1381271.1645,1381271.1645,1381271.1645,1577769.3645,1407032.3145,1391165.7645,1214078.4145,1381271.1645,1415580.2645,1381271.1645,1381271.1645,1407032.3145,1415580.2645,1381271.1645,1381271.1645,1415580.2645,1415580.2645,1381271.1645,1415580.2645,1407032.3145,1381271.1645,1381271.1645,1381271.1645,1381271.1645,1407032.3145,1407032.3145,1415580.2645,1381271.1645,1407032.3145,1415580.2645,1391165.7645,1381271.1645,1381271.1645,1381271.1645,1381271.1645,1391165.7645,1381271.1645,1381271.1645,1381271.1645,1415580.2645,1381271.1645,1407032.3145,1381271.1645,1381271.1645,1381271.1645,1381271.1645,1381271.1645,1381271.1645,1381271.1645,1407032.3145,1415580.2645,1381271.1645,1381271.1645,1381271.1645,1381271.1645,1415580.2645,1381271.1645,1381271.1645,1407032.3145,1381271.1645,912433.4145,1381271.1645,1381271.1645,1381271.1645,1381271.1645,1415580.2645,1407032.3145,1381271.1645,1381271.1645,1381271.1645,1381271.1645,1381271.1645,1381271.1645,1407032.3145,1381271.1645,1381271.1645,1381271.1645,1381271.1645,1381271.1645,1381271.1645,1407032.3145,1391165.7645,1381271.1645,1407032.3145,1381271.1645,1381271.1645,1391165.7645,1407032.3145,1381271.1645,1415580.2645,1381271.1645,1381271.1645,1415580.2645,1214078.4145,1381271.1645,1381271.1645,1415580.2645,1381271.1645,1381271.1645
Pinellas 6H,Grid,1377876.92,1392151.962,1392151.962,1416566.462,1392151.962,1578755.562,1408018.512,1392151.962,1215064.612,1416566.462,1392151.962,1392151.962,1382257.362,1392151.962,1392151.962,1392151.962,1392151.962,1416566.462,1392151.962,1215064.612,1416566.462,1392151.962,1392151.962,1392151.962,1392151.962,1392151.962,1408018.512,1392151.962,1392151.962,1215064.612,1392151.962,1392151.962,1392151.962,1392151.962,1392151.962,1392151.962,1392151.962,1392151.962,1392151.962,1392151.962,1408018.512,1416566.462,1392151.962,1392151.962,1382257.362,1392151.962,1215064.612,1392151.962,1392151.962,1392151.962,1392151.962,1392151.962,1416566.462,1392151.962,1392151.962,1215064.612,1392151.962,1416566.462,1382257.362,1382257.362,1408018.512,1392151.962,913419.612,1392151.962,1392151.962,1392151.962,1408018.512,1392151.962,1408018.512,1392151.962,1392151.962,1392151.962,1392151.962,1215064.612,1392151.962,1392151.962,1392151.962,1392151.962,1392151.962,1382257.362,1392151.962,1416566.462,1392151.962,1392151.962,1392151.962,1392151.962,1416566.462,1392151.962,1392151.962,1408018.512,1215064.612,1392151.962,1392151.962,1392151.962,1392151.962,1215064.612,1392151.962,1392151.962,1392151.962,1392151.962,1392151.962
Buchanan 6H,DGB_CNG,7657.774333333334,7133.63385,7290.03385,7290.03385,8218.083849999999,7290.03385,7290.03385,7133.63385,7133.63385,7290.03385,9147.28385,7290.03385,7290.03385,8382.53385,7133.63385,7290.03385,7290.03385,7290.03385,7290.03385,8382.53385,11076.40885,7290.03385,12294.833849999999,7290.03385,7290.03385,7290.03385,8382.53385,7290.03385,7290.03385,7133.63385,7290.03385,8218.083849999999,7372.83385,8382.53385,8099.63385,7290.03385,7290.03385,7290.03385,7606.97385,7290.03385,7290.03385,7290.03385,7133.63385,7290.03385,7290.03385,7290.03385,7290.03385,7133.63385,7290.03385,7290.03385,7290.03385,7290.03385,7290.03385,7133.63385,7290.03385,7290.03385,14722.48385,7290.03385,7133.63385,7133.63385,7133.63385,7290.03385,7290.03385,7290.03385,7290.03385,7133.63385,8382.53385,7958.183849999999,13547.18385,7290.03385,7290.03385,7290.03385,7133.63385,8382.53385,8218.083849999999,7133.63385,7290.03385,8057.08385,7133.63385,7290.03385,7290.03385,7290.03385,7763.067183333333,7133.63385,7290.03385,7290.03385,7290.03385,7290.03385,7290.03385,7290.03385,7290.03385,7133.63385,5128.03385,7133.63385,9055.28385,7290.03385,7290.03385,7133.63385,8382.53385,7133.63385,9701.583849999999
Yabucoa 1H,Turbine,8739.45625,8303.0815625,8303.0815625,8303.0815625,8303.0815625,10852.7753125,10982.006562499999,8523.8815625,8303.0815625,8303.0815625,8367.481562500001,8303.0815625,8303.0815625,8303.0815625,8726.2815625,10924.506562499999,8303.0815625,8303.0815625,8303.0815625,8303.0815625,8909.1315625,12566.7065625,9937.231562500001,8523.8815625,11732.381562499999,8303.0815625,9937.231562500001,8726.2815625,8523.8815625,8303.0815625,8303.0815625,8303.0815625,8303.0815625,8303.0815625,9904.4565625,8303.0815625,8303.0815625,8303.0815625,8303.0815625,8303.0815625,8303.0815625,8303.0815625,8303.0815625,8303.0815625,9937.231562500001,9937.231562500001,8303.0815625,8303.0815625,8303.0815625,8303.0815625,8303.0815625,8303.0815625,8303.0815625,8523.8815625,8303.0815625,8303.0815625,8523.8815625,8303.0815625,8303.0815625,8303.0815625,8303.0815625,8303.0815625,9871.6815625,8303.0815625,8726.2815625,8303.0815625,9871.6815625,8303.0815625,8303.0815625,8303.0815625,8523.8815625,12465.506562499999,8303.0815625,8303.0815625,8523.8815625,8303.0815625,10968.7815625,8303.0815625,8303.0815625,9321.981562500001,8303.0815625,8303.0815625,11153.9315625,8303.0815625,8303.0815625,8303.0815625,8303.0815625,8303.0815625,8303.0815625,8303.0815625,8726.2815625,8303.0815625,8303.0815625,8303.0815625,8523.8815625,8303.0815625,8726.2815625,8303.0815625,8303.0815625,8303.0815625,9871.6815625
Queen Anne's 1H,DGB_CNG,3727.797666666666,3519.88035,3641.78035,3641.78035,3580.83035,3632.58035,3580.83035,3519.88035,3580.83035,3580.83035,3601.1470166666663,3499.18035,3641.78035,3641.78035,3580.83035,3544.2603499999996,3519.88035,3580.83035,3580.83035,3611.30535,3641.78035,3560.5136833333336,3519.88035,3519.88035,3499.18035,3560.5136833333336,3641.78035,3560.5136833333336,3641.78035,3601.1470166666663,3519.88035,3560.5136833333336,3499.18035,3601.1470166666663,3560.5136833333336,3641.78035,3580.83035,3519.88035,3519.88035,3499.18035,3580.83035,3519.88035,3519.88035,10770.63035,3560.5136833333336,3568.64035,3641.78035,3580.83035,3641.78035,3641.78035,3580.83035,3611.30535,3560.5136833333336,3601.1470166666663,3641.78035,3641.78035,3641.78035,3601.1470166666663,3580.83035,3580.83035,3519.88035,3519.88035,3499.18035,3641.78035,3550.35535,3519.88035,3632.58035,3519.88035,3580.83035,3499.18035,3641.78035,3641.78035,3641.78035,3519.88035,3580.83035,3632.58035,3601.1470166666663,3580.83035,3580.83035,3580.83035,3641.78035,3641.78035,3519.88035,3580.83035,3519.88035,3601.1470166666663,3519.88035,3519.88035,3580.83035,3519.88035,3641.78035,3580.83035,3641.78035,3641.78035,3601.1470166666663,3641.78035,3519.88035,3580.83035,3641.78035,11124.830349999998,3632.58035
De Soto 3H,Turbine,14923.906,15668.524099999999,13350.8141,13350.8141,13350.8141,19198.5641,11824.7641,19198.5641,13350.8141,13350.8141,19198.5641,13350.8141,15695.6641,19198.5641,13350.8141,19198.5641,13350.8141,19198.5641,11824.7641,13350.8141,15681.8641,13350.8141,13350.8141,13350.8141,19198.5641,13350.8141,19198.5641,13350.8141,13350.8141,13350.8141,13350.8141,13350.8141,11824.7641,19198.5641,19198.5641,13350.8141,13350.8141,13350.8141,19198.5641,13350.8141,19198.5641,19198.5641,13484.214100000001,13350.8141,13350.8141,13350.8141,13484.214100000001,13350.8141,19198.5641,19198.5641,13350.8141,13350.8141,13350.8141,15884.2641,19198.5641,19198.5641,19198.5641,19198.5641,15695.6641,13350.8141,13350.8141,13350.8141,13350.8141,13350.8141,13350.8141,14967.714100000001,19198.5641,13350.8141,13350.8141,19198.5641,13350.8141,15675.1941,13350.8141,13350.8141,13350.8141,12618.2641,13350.8141,13484.214100000001,13350.8141,13350.8141,13350.8141,13350.8141,13350.8141,13563.5641,13350.8141,13350.8141,19198.5641,13350.8141,13350.8141,13350.8141,19198.5641,13350.8141,19198.5641,13350.8141,13350.8141,13350.8141,19198.5641,13350.8141,13350.8141,13350.8141,13350.8141
Floyd 3H,DGB_CNG,13341.515833333335,15704.172625,14283.922625,14283.922625,14283.922625,13956.172625,-1280.1773749999993,14283.922625,14694.472625,-1280.1773749999993,14283.922625,15490.847625,15704.172625,14283.922625,13869.922625,13956.172625,14694.472625,-1280.1773749999993,-1280.1773749999993,13956.172625,13500.772625,15412.072625,14283.922625,14283.922625,15704.172625,14283.922625,14694.472625,11922.972625,11665.372625,15504.072625,14283.922625,15519.022625,14283.922625,10223.847625,14283.922625,6873.035125,15320.072625,15519.022625,14283.922625,14694.472625,11553.822625,13956.172625,13131.622625,13956.172625,15320.072625,14283.922625,14283.922625,13956.172625,13956.172625,8294.722625,14283.922625,13956.172625,14283.922625,14283.922625,13500.772625,14283.922625,13956.172625,15519.022625,13956.172625,14283.922625,11665.372625,14283.922625,14283.922625,14283.922625,14283.922625,14283.922625,11516.639291666666,11403.939291666666,15704.172625,14283.922625,14283.922625,13956.172625,15320.072625,14283.922625,14283.922625,15918.072625,14283.922625,14283.922625,15504.072625,14283.922625,14283.922625,14283.922625,14283.922625,14283.922625,15704.172625,14283.922625,12694.622625,14283.922625,15490.847625,15704.172625,14694.472625,14694.472625,14283.922625,14283.922625,15918.072625,-1280.1773749999993,15504.072625,14283.922625,14283.922625,14283.922625,11357.172625
Monroe 7H,DGB_CNG,8751.804999999998,9535.179250000001,7935.5292500000005,8983.179250000001,8983.179250000001,9535.75425,8983.179250000001,7935.5292500000005,8983.179250000001,7914.25425,8983.179250000001,8983.179250000001,8983.179250000001,8983.179250000001,8983.179250000001,9535.75425,9534.02925,8983.179250000001,8983.179250000001,8983.179250000001,9535.179250000001,7921.345916666667,9534.02925,9535.179250000001,8983.179250000001,9535.179250000001,8983.179250000001,7909.999250000001,8021.7792500000005,6969.5292500000005,9535.75425,8927.97925,9536.32925,7892.97925,7935.5292500000005,8983.179250000001,9536.32925,8983.179250000001,7892.97925,7598.962583333333,9537.47925,8983.179250000001,7935.5292500000005,7125.92925,7927.019250000001,8029.829250000001,8927.97925,9534.02925,8983.179250000001,8983.179250000001,9534.02925,7921.345916666667,8983.179250000001,8983.179250000001,8983.179250000001,7892.97925,7935.5292500000005,8983.179250000001,9535.75425,8983.179250000001,8983.179250000001,8983.179250000001,9536.78925,8983.179250000001,8983.179250000001,7501.4042500000005,8983.179250000001,8983.179250000001,9535.40925,9536.32925,8983.179250000001,7921.345916666667,9534.02925,7892.97925,9535.75425,9537.47925,8983.179250000001,7892.97925,8983.179250000001,9535.75425,9535.179250000001,8983.179250000001,8927.97925,7935.5292500000005,8983.179250000001,7892.97925,8983.179250000001,7935.5292500000005,8983.179250000001,7208.72925,7208.72925,8983.179250000001,7935.5292500000005,8983.179250000001,9536.32925,9537.47925,7892.97925,8927.97925,7921.345916666667,7914.25425,8983.179250000001
Blanco 2H,Turbine,10186.4175,9784.587375000001,9771.477375,10166.387375,9719.037375,10166.387375,9762.737375,9850.137375,10166.387375,11998.337375,9784.587375000001,9719.037375,10166.387375,9850.137375,10166.387375,10166.387375,10166.387375,10166.387375,10166.387375,9719.037375,9784.587375000001,9784.587375000001,9409.687375,9719.037375,9784.587375000001,10166.387375,11258.887375,9719.037375,10166.387375,10426.287375,10166.387375,9751.812375,9784.587375000001,9784.587375000001,9784.587375000001,11998.337375,9806.437375,10166.387375,10166.387375,10166.387375,10166.387375,9719.037375,9850.137375,9850.137375,10166.387375,10166.387375,10166.387375,9719.037375,9784.587375000001,9850.137375,10166.387375,10166.387375,10166.387375,9806.437375,10166.387375,9806.437375,10166.387375,10166.387375,9784.587375000001,10166.387375,10963.337375,10166.387375,10166.387375,9771.477375,10963.337375,10166.387375,9719.037375,9784.587375000001,10963.337375,9719.037375,10166.387375,11998.337375,9784.587375000001,10166.387375,10166.387375,10963.337375,10166.387375,10963.337375,9719.037375,9719.037375,10166.387375,10963.337375,10166.387375,11998.337375,9409.687375,11311.787375,9806.437375,9806.437375,9784.587375000001,11607.624875,10166.387375,9361.387375,9745.257375,9740.887375,11998.337375,9784.587375000001,10166.387375,10166.387375,9784.587375000001,11998.337375,11258.887375
Johnson 1H,DGB_CNG,12319.597833333331,11979.660325,11979.660325,11894.560325,12893.335325,11979.660325,11894.560325,12763.960325,11979.660325,11979.660325,11979.660325,9515.210325,12009.560325,11979.660325,11894.560325,12936.460325,11979.660325,12180.910325,12821.460325,11979.660325,11894.560325,9515.210325,17549.340325,11979.660325,12052.397825,11894.560325,17716.243658333333,11979.660325,12850.210325,12009.560325,12936.460325,12936.460325,12763.960325,11894.560325,11979.660325,11979.660325,11894.560325,11979.660325,11979.660325,14164.660325,11894.560325,11979.660325,9515.210325,17892.960325,11979.660325,12157.910325,11979.660325,11979.660325,11979.660325,11979.660325,11979.660325,11979.660325,11894.560325,12850.210325,11979.660325,11979.660325,11979.660325,11979.660325,11894.560325,12936.460325,11979.660325,12763.960325,12878.960325,11979.660325,11979.660325,12893.335325,11894.560325,11979.660325,11894.560325,11894.560325,12821.460325,11979.660325,11894.560325,11894.560325,9515.210325,11979.660325,17627.885325,11979.660325,11979.660325,11979.660325,11979.660325,12936.460325,11979.660325,11894.560325,11894.560325,11979.660325,17522.085325,11979.660325,11894.560325,11894.560325,11979.660325,11894.560325,11979.660325,11979.660325,12180.910325,11979.660325,11979.660325,11979.660325,12936.460325,11979.660325,11979.660325
Penobscot 1H,Turbine,22606.503333333327,22761.1745,21984.9245,22761.1745,24764.4745,24764.4745,24764.4745,21210.9745,20808.09116666667,24764.4745,25121.741166666667,24764.4745,21210.9745,20808.09116666667,25121.741166666667,24764.4745,26040.9745,26040.9745,24764.4745,18920.1745,22761.1745,17296.3745,20131.1245,24764.4745,24764.4745,26040.9745,26040.9745,22761.1745,18920.1745,21210.9745,21468.957833333334,24662.1245,21210.9745,26040.9745,21210.9745,24764.4745,17296.3745,18920.1745,21146.574500000002,19272.074500000002,24662.1245,25121.741166666667,18920.1745,25351.5495,18920.1745,21984.9245,24662.1245,24662.1245,24764.4745,25121.741166666667,22761.1745,29914.1745,18920.1745,26040.9745,18920.1745,22761.1745,18920.1745,15644.9745,21468.957833333334,26040.9745,19272.074500000002,17296.3745,24764.4745,21984.9245,21726.941166666667,24764.4745,21210.9745,24764.4745,22761.1745,24764.4745,22761.1745,24764.4745,20469.60783333333,24764.4745,22761.1745,20638.8495,24764.4745,24764.4745,22761.1745,21146.574500000002,20638.8495,24764.4745,24662.1245,19283.574500000002,17296.3745,21468.957833333334,26040.9745,24662.1245,21597.9495,26040.9745,18920.1745,17296.3745,17296.3745,24764.4745,21468.957833333334,24662.1245,24764.4745,21726.941166666667,21726.941166666667,21146.574500000002,25121.741166666667
Okfuskee 5H,Turbine,9056.647833333334,10501.452825,8476.302825,8929.977825,10939.602825,9971.302825,8929.977825,8987.132825,8787.090325000001,9215.752825,9215.752825,8787.090325000001,8644.202825,10501.452825,8929.977825,10501.452825,9215.752825,7488.452825,9215.752825,8476.302825,8644.202825,10501.452825,9889.652825,9215.752825,8476.302825,8476.302825,8758.512825,8834.719491666667,9215.752825,10501.452825,10501.452825,9215.752825,9101.442825,8678.702825,9025.236158333335,9215.752825,8644.202825,8929.977825,9215.752825,10501.452825,9215.752825,8929.977825,7488.452825,7139.140325,7488.452825,10535.952825,8476.302825,10501.452825,8476.302825,8476.302825,8644.202825,10188.652825000001,8476.302825,8644.202825,8476.302825,7488.452825,10188.652825000001,8644.202825,10188.652825000001,10501.452825,9215.752825,7488.452825,8319.902825000001,8476.302825,10501.452825,9019.102825,8644.202825,9215.752825,8678.702825,7488.452825,9215.752825,8476.302825,8834.719491666667,8987.132825,8644.202825,7488.452825,8476.302825,8929.977825,8476.302825,10501.452825,9215.752825,8872.822825,9215.752825,7488.452825,9072.865325,8476.302825,8929.977825,9072.865325,8929.977825,8476.302825,9215.752825,9215.752825,10501.452825,8929.977825,8644.202825,10941.902825,8834.719491666667,10501.452825,8929.977825,9215.752825,8476.302825
Washita 3H,Turbine,15437.788333333336,15334.53175,15334.53175,15334.53175,13273.73175,15334.53175,14890.63175,15334.53175,15334.53175,12268.63175,17670.18175,15334.53175,15334.53175,15967.03175,15334.53175,16441.98175,19121.48175,15334.53175,11288.831750000001,15967.03175,15334.53175,19157.13175,14411.081750000001,15967.03175,15334.53175,15334.53175,15760.03175,15334.53175,15334.53175,15334.53175,15334.53175,15334.53175,13741.78175,16441.98175,15334.53175,16441.98175,15334.53175,15849.73175,14411.081750000001,15334.53175,16441.98175,17670.18175,15334.53175,11622.331750000001,13443.93175,19121.48175,15334.53175,19121.48175,14411.081750000001,19157.13175,15334.53175,15334.53175,15370.18175,19157.13175,15370.18175,15334.53175,15334.53175,14770.74425,14890.63175,19121.48175,15334.53175,15334.53175,12541.18175,14411.081750000001,16441.98175,14890.63175,15334.53175,19121.48175,15334.53175,16441.98175,19121.48175,15967.03175,13741.78175,13443.93175,15334.53175,15334.53175,15849.73175,15334.53175,15334.53175,13443.93175,15370.18175,14411.081750000001,16441.98175,13443.93175,15967.03175,11288.831750000001,14411.081750000001,14770.74425,15967.03175,15334.53175,15490.06925,15967.03175,12541.18175,15967.415083333333,13741.78175,13273.73175,16441.98175,15967.03175,14770.74425,16454.63175,14890.63175
Beaufort 2H,Turbine,15271.430404761904,14436.035439285715,15359.485439285714,14795.697939285714,14436.035439285715,14436.035439285715,14915.585439285715,15359.485439285714,15359.485439285714,15991.985439285714,15874.685439285715,15991.985439285714,14436.035439285715,14795.697939285714,15874.685439285715,15874.685439285715,15991.985439285714,15874.685439285715,15991.985439285714,14436.035439285715,15359.485439285714,15991.985439285714,14436.035439285715,15874.685439285715,15874.685439285715,15155.360439285714,15784.985439285714,14436.035439285715,14436.035439285715,15991.985439285714,15155.360439285714,14795.697939285714,14436.035439285715,15395.135439285714,15155.360439285714,15299.225439285714,14915.585439285715,15874.685439285715,14436.035439285715,15874.685439285715,15874.685439285715,15874.685439285715,15155.360439285714,11647.285439285715,17309.885439285714,14436.035439285715,15874.685439285715,15874.685439285715,14436.035439285715,14915.585439285715,15634.910439285715,14436.035439285715,15395.135439285714,15155.360439285714,15395.135439285714,15155.360439285714,15359.485439285714,14795.697939285714,14915.585439285715,15874.685439285715,14436.035439285715,15155.360439285714,15991.985439285714,14436.035439285715,15874.685439285715,14915.585439285715,14795.697939285714,14795.697939285714,14436.035439285715,15395.135439285714,15395.135439285714,14436.035439285715,14915.585439285715,15359.485439285714,15874.685439285715,18615.518772619045,15874.685439285715,15874.685439285715,15874.685439285715,14436.035439285715,15395.135439285714,15991.985439285714,15874.685439285715,15991.985439285714,15155.360439285714,15991.985439285714,14436.035439285715,14795.697939285714,14436.035439285715,15395.135439285714,15515.022939285715,14436.035439285715,15991.985439285714,15155.360439285714,15991.985439285714,15155.360439285714,15155.360439285714,15991.985439285714,14795.697939285714,15258.121153571428,14915.585439285715
Adams 5H,DGB_CNG,6770.410666666667,6495.0884,6495.0884,6495.0884,6495.0884,6495.0884,6495.0884,6495.0884,7279.3884,7555.3884,5261.1384,5261.1384,6495.0884,6495.0884,7555.3884,7279.3884,6495.0884,7555.3884,6495.0884,6495.0884,6495.0884,7347.8134,6495.0884,6495.0884,6495.0884,6495.0884,6495.0884,6495.0884,6495.0884,6495.0884,6495.0884,7279.3884,6495.0884,7555.3884,7279.3884,6495.0884,6495.0884,7555.3884,7555.3884,7555.3884,6495.0884,6495.0884,6495.0884,6495.0884,6495.0884,7347.8134,7555.3884,6495.0884,6495.0884,5044.3634,7555.3884,7279.3884,7416.2384,6495.0884,7555.3884,6495.0884,6495.0884,6495.0884,6495.0884,6495.0884,6495.0884,5261.1384,7555.3884,6495.0884,7555.3884,6495.0884,7555.3884,7555.3884,7555.3884,7555.3884,7555.3884,6495.0884,7325.005066666667,6495.0884,6495.0884,6495.0884,7555.3884,6495.0884,6495.0884,7555.3884,7555.3884,6495.0884,6495.0884,7347.8134,6495.0884,6495.0884,5261.1384,8856.4984,6495.0884,6495.0884,6495.0884,6495.0884,6495.0884,7555.3884,6495.0884,6495.0884,6495.0884,6495.0884,7555.3884,6495.0884,6495.0884
Northern Islands 2H,DGB_CNG,11726.275833333333,11670.758625,12068.658625,11670.758625,12068.658625,12068.658625,11670.758625,12068.658625,12068.658625,12068.658625,11670.758625,12068.658625,12068.658625,12068.658625,11284.358625,12068.658625,11711.008625,12068.658625,12596.508625,12068.658625,11988.446125,12068.658625,12068.658625,12068.658625,11670.758625,12068.658625,12068.658625,12068.658625,11670.758625,12068.658625,12068.658625,12068.658625,12068.658625,7855.058625,12068.658625,12068.658625,12068.658625,11670.758625,12068.658625,12068.658625,12068.658625,12068.658625,12068.658625,12068.658625,12068.658625,12068.658625,11670.758625,12068.658625,12068.658625,12068.658625,12068.658625,11670.758625,12068.658625,12068.658625,11670.758625,12068.658625,12068.658625,12068.658625,12068.658625,11670.758625,12068.658625,12068.658625,12068.658625,12068.658625,12068.658625,12068.658625,10480.508625,11670.758625,12068.658625,12068.658625,12068.658625,8278.258625,7855.058625,12068.658625,12068.658625,12068.658625,11670.758625,12068.658625,9425.958625,12068.658625,11670.758625,11670.758625,12068.658625,12596.508625,8075.858625000001,11796.108625,11771.958625,11670.758625,11670.758625,9313.258625,12068.658625,12093.958625,12068.658625,12245.758625,12068.658625,12068.658625,11670.758625,12068.658625,12068.658625,12068.658625,8722.541958333335
San Luis Obispo 4H,DGB_CNG,15967.233761904761,16191.214935714286,16191.214935714286,16191.214935714286,11462.414935714285,16555.764935714287,16191.214935714286,16191.214935714286,16191.214935714286,16191.214935714286,16191.214935714286,16191.214935714286,16191.214935714286,16191.214935714286,16191.214935714286,16191.214935714286,16191.214935714286,16191.214935714286,16191.214935714286,15520.074935714285,16191.214935714286,16555.764935714287,16191.214935714286,16191.214935714286,16191.214935714286,16555.764935714287,16191.214935714286,15964.377435714285,16191.214935714286,16191.214935714286,16555.764935714287,16191.214935714286,16191.214935714286,16191.214935714286,16191.214935714286,16191.214935714286,16191.214935714286,16191.214935714286,16191.214935714286,16191.214935714286,16191.214935714286,16191.214935714286,16191.214935714286,16555.764935714287,16555.764935714287,16191.214935714286,12216.814935714287,16191.214935714286,16191.214935714286,16191.214935714286,16191.214935714286,16191.214935714286,16191.214935714286,16191.214935714286,16555.764935714287,16191.214935714286,16555.764935714287,16555.764935714287,16191.214935714286,16191.214935714286,16191.214935714286,16191.214935714286,16555.764935714287,16191.214935714286,16191.214935714286,16555.764935714287,16555.764935714287,16555.764935714287,15681.477435714285,11347.414935714285,11462.414935714285,16191.214935714286,16191.214935714286,12389.314935714287,16555.764935714287,16191.214935714286,16191.214935714286,16555.764935714287,15408.064935714287,16191.214935714286,16191.214935714286,17608.014935714287,16191.214935714286,16191.214935714286,16191.214935714286,16191.214935714286,15950.48160238095,15972.714935714286,16191.214935714286,16191.214935714286,16191.214935714286,15340.379221428571,15950.48160238095,16191.214935714286,11633.764935714285,16555.764935714287,16191.214935714286,16191.214935714286,16191.214935714286,16555.764935714287,16555.764935714287
Tuolumne 3H,Turbine,9947.831428571428,7573.275285714286,10291.875285714286,10291.875285714286,10360.875285714286,10337.875285714286,10314.875285714286,10360.875285714286,10360.875285714286,10343.625285714286,10360.875285714286,10360.875285714286,10360.875285714286,10309.125285714286,10314.875285714286,10291.875285714286,10326.375285714286,10360.875285714286,10291.875285714286,10309.125285714286,9455.825285714285,7573.275285714286,10326.375285714286,7573.275285714286,10291.875285714286,10291.875285714286,10360.875285714286,10326.375285714286,10291.875285714286,7573.275285714286,10309.125285714286,10291.875285714286,10343.625285714286,10360.875285714286,10360.875285714286,10326.375285714286,7573.275285714286,7573.275285714286,10360.875285714286,10360.875285714286,10360.875285714286,10337.875285714286,10326.375285714286,10326.375285714286,7573.275285714286,10291.875285714286,10337.875285714286,9862.925285714286,10291.875285714286,10360.875285714286,7573.275285714286,7573.275285714286,10314.875285714286,10360.875285714286,10326.375285714286,10314.875285714286,10326.375285714286,10326.375285714286,10309.125285714286,10291.875285714286,10291.875285714286,10360.875285714286,10337.875285714286,10343.625285714286,10314.875285714286,10360.875285714286,10360.875285714286,10291.875285714286,7573.275285714286,10360.875285714286,10337.875285714286,10326.375285714286,10360.875285714286,10291.875285714286,10468.975285714285,10360.875285714286,10360.875285714286,10309.125285714286,10311.58957142857,10326.375285714286,10360.875285714286,7573.275285714286,10337.875285714286,10309.125285714286,10326.375285714286,10291.875285714286,10291.875285714286,9359.225285714287,10309.125285714286,7573.275285714286,10337.875285714286,7573.275285714286,10360.875285714286,10291.875285714286,10360.875285714286,10291.875285714286,10291.875285714286,10291.875285714286,10309.125285714286,10291.875285714286,10360.875285714286
Dewey 1H,DGB_CNG,15605.183535714285,15728.597469642857,15688.539136309524,15848.772469642858,15608.422469642857,15848.772469642858,15848.772469642858,15608.422469642857,15608.422469642857,15768.65580297619,15728.597469642857,15728.597469642857,15608.422469642857,15728.597469642857,15688.539136309524,15688.539136309524,15728.597469642857,15608.422469642857,15848.772469642858,15848.772469642858,14535.472469642857,15608.422469642857,15848.772469642858,15608.422469642857,15608.422469642857,15688.539136309524,15752.632469642856,15848.772469642858,15848.772469642858,14296.272469642858,15768.65580297619,15608.422469642857,15728.597469642857,15688.539136309524,15848.772469642858,15688.539136309524,15848.772469642858,15768.65580297619,15848.772469642858,15848.772469642858,15608.422469642857,15608.422469642857,14535.472469642857,15745.765326785713,15788.684969642858,15848.772469642858,15728.597469642857,15728.597469642857,15848.772469642858,15688.539136309524,15608.422469642857,15848.772469642858,15768.65580297619,14017.972469642857,15608.422469642857,15848.772469642858,15728.597469642857,15848.772469642858,15848.772469642858,15669.372469642858,14523.972469642857,15021.922469642857,15752.632469642856,14017.972469642857,15608.422469642857,14017.972469642857,15638.466219642858,15728.597469642857,15848.772469642858,15608.422469642857,15848.772469642858,15728.597469642857,15848.772469642858,15668.509969642857,17068.922469642857,15768.65580297619,15728.597469642857,15608.422469642857,14548.697469642857,15608.422469642857,15788.684969642858,15608.422469642857,15608.422469642857,15848.772469642858,15728.597469642857,15728.597469642857,15728.597469642857,15728.597469642857,15728.597469642857,15608.422469642857,15668.509969642857,15728.597469642857,15608.422469642857,15608.422469642857,15688.539136309524,15848.772469642858,15608.422469642857,15608.422469642857,14533.172469642857,15728.597469642857,15608.422469642857
Lake 2H,DGB_CNG,14224.806714285714,13840.928992857143,13840.928992857143,15876.428992857143,13840.928992857143,13840.928992857143,15785.578992857143,14755.753992857142,13840.928992857143,13840.928992857143,15008.178992857143,14503.328992857143,14747.128992857142,15844.228992857143,14744.44565952381,13840.928992857143,16696.378992857142,13840.928992857143,13840.928992857143,14736.778992857144,13840.928992857143,13840.928992857143,14503.328992857143,13840.928992857143,13840.928992857143,15785.578992857143,16696.378992857142,14503.328992857143,14740.886135714287,13840.928992857143,13840.928992857143,13840.928992857143,13840.928992857143,14755.753992857142,14755.753992857142,13840.928992857143,14503.328992857143,13840.928992857143,13840.928992857143,13840.928992857143,13840.928992857143,14742.528992857144,13840.928992857143,13840.928992857143,13840.928992857143,13840.928992857143,13840.928992857143,13840.928992857143,15923.578992857143,15785.578992857143,13840.928992857143,13840.928992857143,13840.928992857143,13840.928992857143,9268.528992857144,13840.928992857143,13840.928992857143,13840.928992857143,13840.928992857143,13840.928992857143,13840.928992857143,13840.928992857143,13840.928992857143,14755.753992857142,13840.928992857143,13840.928992857143,13840.928992857143,15008.178992857143,13840.928992857143,14503.328992857143,14731.028992857144,14503.328992857143,14755.753992857142,14705.268992857144,13840.928992857143,13840.928992857143,13840.928992857143,14503.328992857143,13840.928992857143,14503.328992857143,13840.928992857143,13840.928992857143,14671.612326190478,13840.928992857143,14755.753992857142,13840.928992857143,13840.928992857143,13840.928992857143,13840.928992857143,13840.928992857143,13840.928992857143,13840.928992857143,13840.928992857143,14881.966492857144,13840.928992857143,14755.753992857142,14881.966492857144,15008.178992857143,13840.928992857143,13840.928992857143,14755.753992857142
Chenango 8H,Turbine,11289.395,11509.16575,11119.89075,11119.89075,11390.907416666665,11318.84075,11154.39075,11119.89075,11119.89075,11119.89075,11119.89075,11509.16575,11119.89075,12106.01575,11119.89075,11119.89075,11119.89075,11119.89075,11119.89075,12555.09075,11119.89075,11119.89075,11119.89075,11275.14075,11119.89075,11656.94075,11275.14075,11119.89075,11509.16575,11119.89075,11119.89075,11119.89075,11863.94075,11119.89075,11119.89075,11119.89075,11119.89075,11119.89075,11119.89075,11154.39075,11119.89075,11119.89075,11119.89075,11318.84075,11405.09075,11275.14075,11119.89075,11119.89075,11119.89075,11154.39075,11119.89075,11119.89075,11119.89075,11119.89075,11275.14075,11119.89075,11119.89075,11119.89075,11119.89075,11119.89075,11627.424083333333,11390.907416666665,11119.89075,11119.89075,11119.89075,11119.89075,11119.89075,11119.89075,11119.89075,11119.89075,11119.89075,11119.89075,11119.89075,11390.907416666665,11119.89075,11119.89075,11656.94075,11154.39075,12555.09075,13823.54075,11119.89075,11154.39075,11119.89075,12555.09075,11119.89075,11119.89075,11119.89075,12106.01575,11119.89075,11405.09075,11119.89075,12255.707416666666,11119.89075,11119.89075,11119.89075,11119.89075,12555.09075,11119.89075,11119.89075,11119.89075,10449.44075
Clark 3H,DGB_CNG,12058.6225,11968.781625,12018.806625,11933.706625,12932.481625,11740.506625,11933.706625,12197.056625,12105.746625,12018.806625,11933.706625,11968.781625,11740.506625,11968.781625,12197.056625,12975.606625,11968.781625,11433.456625,12860.606625,12197.056625,11740.506625,12302.473291666665,11740.506625,11968.781625,12197.056625,11892.689958333334,11968.781625,11892.689958333334,12889.356625,12082.919125,12975.606625,12975.606625,12803.106625,11933.706625,11740.506625,12018.806625,11740.506625,12018.806625,11740.506625,12197.056625,11933.706625,12018.806625,16559.006625,11740.506625,11892.689958333334,12197.056625,12197.056625,12018.806625,11933.706625,11968.781625,12018.806625,11892.689958333334,11740.506625,12889.356625,12018.806625,11433.456625,11740.506625,11892.689958333334,11933.706625,11740.506625,11740.506625,12803.106625,9783.206625,11854.644125,11968.781625,12197.056625,11740.506625,11740.506625,11968.781625,11740.506625,12860.606625,11740.506625,11892.689958333334,11740.506625,11933.706625,12018.806625,12872.106625,12044.873291666667,12014.436625,11740.506625,11740.506625,11740.506625,11968.781625,11933.706625,11968.781625,11892.689958333334,11740.506625,12018.806625,11740.506625,12197.056625,12014.436625,12197.056625,11740.506625,11740.506625,11892.689958333334,12091.544125,12197.056625,12018.806625,12197.056625,11740.506625,12018.806625
Greene 4H,Turbine,20375.325357142858,19074.301196428572,21201.801196428572,19074.301196428572,19074.301196428572,21929.75119642857,19074.301196428572,19074.301196428572,19074.301196428572,22272.45119642857,24244.70119642857,21277.70119642857,21576.70119642857,19074.301196428572,19074.301196428572,19074.301196428572,21212.15119642857,19074.301196428572,22272.45119642857,19074.301196428572,19074.301196428572,22272.45119642857,21352.45119642857,23095.85119642857,22272.45119642857,23030.301196428572,21513.77976785714,19074.301196428572,22482.90119642857,22482.90119642857,21128.20119642857,21929.75119642857,19074.301196428572,19074.301196428572,23068.251196428573,19074.301196428572,19074.301196428572,21128.20119642857,22272.45119642857,21929.75119642857,19074.301196428572,19074.301196428572,21687.10119642857,21687.10119642857,19074.301196428572,19074.301196428572,21212.15119642857,21128.20119642857,19074.301196428572,19074.301196428572,21201.801196428572,21212.15119642857,19074.301196428572,21487.001196428573,19074.301196428572,19074.301196428572,19254.85119642857,19074.301196428572,19074.301196428572,19074.301196428572,19074.301196428572,19074.301196428572,19074.301196428572,21383.78869642857,21427.20119642857,19074.301196428572,19074.301196428572,19074.301196428572,21212.15119642857,22272.45119642857,19074.301196428572,21929.75119642857,21212.15119642857,22272.45119642857,19074.301196428572,21687.10119642857,19074.301196428572,19074.301196428572,19074.301196428572,19074.301196428572,23030.301196428572,21565.77619642857,21201.801196428572,19074.301196428572,19074.301196428572,22482.90119642857,19074.301196428572,19074.301196428572,19074.301196428572,19074.301196428572,19074.301196428572,21687.10119642857,19074.301196428572,19074.301196428572,21576.70119642857,21201.801196428572,21929.75119642857,19074.301196428572,21212.15119642857,21565.77619642857,19074.301196428572
Chambers 5H,DGB_CNG,14168.863666666666,-376.1795499999989,18781.670449999998,18781.670449999998,18781.670449999998,17295.295449999998,18781.670449999998,9271.170450000001,9564.99545,18781.670449999998,16360.92045,8822.670450000001,17295.295449999998,18781.670449999998,-383.07954999999856,18781.670449999998,16825.52045,9416.53045,18781.670449999998,9271.170450000001,18781.670449999998,8822.670450000001,17360.55795,9399.97045,8822.670450000001,18781.670449999998,9416.53045,9564.99545,18781.670449999998,11426.27045,18781.670449999998,18781.670449999998,18781.670449999998,8822.670450000001,9399.97045,18781.670449999998,9399.97045,9399.97045,15630.67045,9399.97045,9399.97045,9399.97045,8822.670450000001,8822.670450000001,-383.07954999999856,8822.670450000001,18781.670449999998,11785.07045,-383.07954999999856,17425.82045,15931.97045,10307.32045,18781.670449999998,8822.670450000001,17262.13711666667,18781.670449999998,18781.670449999998,17425.82045,18781.670449999998,17438.853783333332,9271.170450000001,18781.670449999998,9564.99545,18781.670449999998,17338.803783333333,17425.82045,9002.53045,18781.670449999998,17773.12045,18781.670449999998,18781.670449999998,18781.670449999998,18781.670449999998,18781.670449999998,9564.99545,18781.670449999998,18781.670449999998,17286.670449999998,16704.77045,17295.295449999998,9193.83295,18781.670449999998,9317.553783333335,-383.07954999999856,10307.32045,18781.670449999998,15944.04545,18781.670449999998,18781.670449999998,18781.670449999998,18781.670449999998,9317.553783333335,20185.82045,8934.22045,17262.13711666667,8822.670450000001,18781.670449999998,16704.77045,9271.170450000001,15944.04545,18781.670449999998
Mineral 6H,DGB_CNG,6162.8805,6570.117925,6570.117925,6570.117925,4101.067925,6570.117925,6570.117925,6570.117925,6570.117925,4726.667925,6570.117925,6570.117925,4851.7879250000005,4349.467925,7507.367925,6570.117925,7438.942924999999,6570.117925,6570.117925,4101.067925,5352.267925,6570.117925,6570.117925,5352.267925,4518.134591666667,6570.117925,5352.267925,4101.067925,6570.117925,7507.367925,6570.117925,6570.117925,5135.4929250000005,7370.517925,7370.517925,6570.117925,4101.067925,4349.467925,7357.867925,9923.517925,5352.267925,6570.117925,7507.367925,4101.067925,6570.117925,6570.117925,7357.867925,6570.117925,4101.067925,4726.667925,4935.201258333333,5234.967925,6570.117925,4518.134591666667,6570.117925,6570.117925,6570.117925,4935.201258333333,6570.117925,6570.117925,6570.117925,9925.817925,6570.117925,7507.367925,6570.117925,4518.134591666667,5065.917925,6570.117925,4101.067925,8442.317925,6570.117925,7370.517925,6570.117925,6570.117925,8442.317925,6570.117925,4935.201258333333,5135.4929250000005,6570.117925,7507.367925,6570.117925,6570.117925,4349.467925,6570.117925,4726.667925,7507.367925,5352.267925,6570.117925,7438.942924999999,5135.4929250000005,5185.230425,6570.117925,6570.117925,6570.117925,4726.667925,4101.067925,4726.667925,7646.517925,5352.267925,8442.317925,5352.267925
Racine 6H,Turbine,10278.55,9863.9175,9863.9175,12382.4175,9863.9175,9863.9175,9863.9175,9863.9175,9863.9175,8495.4175,9863.9175,12549.1675,10352.6675,10352.6675,12382.4175,10352.6675,11529.1175,9863.9175,9863.9175,11529.1175,9202.0925,9863.9175,12382.4175,10697.6675,10352.6675,9863.9175,9863.9175,9863.9175,10819.567500000001,9863.9175,9863.9175,11245.0675,9863.9175,9863.9175,9863.9175,9863.9175,10352.6675,9863.9175,9863.9175,9863.9175,10818.4175,9863.9175,12311.1175,10006.5175,9863.9175,9863.9175,12311.1175,9863.9175,9863.9175,11441.7175,9863.9175,10463.0675,9863.9175,9863.9175,10728.1425,9863.9175,12549.1675,9863.9175,11384.2175,9863.9175,9863.9175,9863.9175,10751.1425,10352.6675,9863.9175,9863.9175,9863.9175,10818.4175,10448.1175,11245.0675,9863.9175,9863.9175,9863.9175,9863.9175,9863.9175,10006.5175,10352.6675,9863.9175,9863.9175,10006.5175,10818.4175,10448.1175,9863.9175,9863.9175,9863.9175,10463.0675,9863.9175,9863.9175,10818.4175,9863.9175,10352.6675,10006.5175,9863.9175,9863.9175,9863.9175,10578.6425,10352.6675,9863.9175,10352.6675,9863.9175,10448.1175
Maricopa 2H,Turbine,16249.77,16320.1845,16320.1845,16320.1845,16320.1845,16320.1845,16320.1845,16320.1845,16320.1845,16320.1845,16320.1845,16320.1845,16320.1845,16320.1845,16320.1845,15212.7345,16320.1845,16320.1845,16320.1845,16320.1845,16320.1845,16320.1845,16320.1845,16320.1845,16320.1845,16320.1845,16320.1845,15845.2345,15845.2345,16320.1845,15845.2345,15845.2345,16320.1845,16320.1845,16320.1845,16320.1845,16320.1845,16320.1845,16320.1845,16320.1845,16320.1845,16320.1845,16320.1845,16320.1845,16320.1845,16320.1845,16320.1845,16320.1845,16320.1845,16320.1845,16320.1845,16320.1845,16320.1845,16320.1845,16320.1845,16320.1845,16320.1845,16320.1845,16320.1845,16320.1845,15845.2345,16320.1845,16320.1845,16320.1845,15212.7345,16320.1845,16320.1845,16320.1845,16320.1845,15212.7345,16320.1845,16320.1845,16320.1845,16320.1845,16320.1845,16320.1845,16320.1845,16320.1845,16400.6845,16320.1845,15845.2345,16320.1845,16320.1845,16320.1845,16320.1845,16320.1845,16320.1845,16320.1845,16320.1845,16320.1845,16320.1845,16320.1845,15845.2345,16320.1845,15845.2345,16320.1845,16320.1845,16320.1845,16320.1845,16320.1845,16320.1845
Rich 2H,Turbine,11481.234500000002,11303.864825,11627.014825,11303.864825,11303.864825,12717.598158333334,11303.864825,11303.864825,11303.864825,11557.248158333334,11278.564825,11303.864825,11303.864825,11728.214825000001,11303.864825,11278.564825,11522.364825,11303.864825,12077.239825,11303.864825,11303.864825,11574.689825,11303.864825,11303.864825,11303.864825,11574.689825,11303.864825,11303.864825,11413.402325000001,11650.014825,11303.864825,11303.864825,11303.864825,10638.014825,11303.864825,11627.014825,11303.864825,11303.864825,11303.864825,15595.664825,11303.864825,11303.864825,10639.164825,14156.631491666667,12226.931491666666,11303.864825,11512.014825,11303.864825,11303.864825,11806.414825,11303.864825,15595.664825,11303.864825,11512.014825,11628.164825,11303.864825,11303.864825,11303.864825,11303.864825,11574.689825,11303.864825,11303.864825,11574.689825,10638.014825,11728.214825000001,10639.164825,11303.864825,11303.864825,11303.864825,11303.864825,11681.294825,11303.864825,11303.864825,11303.864825,11767.314825,11303.864825,11628.164825,11303.864825,10639.164825,10578.214825000001,11303.864825,11303.864825,11278.564825,11303.864825,11303.864825,11303.864825,11278.564825,11303.864825,11314.789825,11303.864825,11303.864825,11303.864825,11303.864825,11303.864825,11650.014825,11303.864825,11728.214825000001,11627.014825,11303.864825,11628.164825,11303.864825
Scott 3H,Turbine,12432.645333333332,13267.9532,14006.2532,13267.9532,12226.0532,11123.2032,10475.753200000001,10948.4032,12059.3032,10341.7782,13514.0532,9683.4032,11495.8032,13267.9532,14420.2532,10948.4032,10484.9532,13514.0532,10256.103200000001,13637.1032,12226.0532,11495.8032,10948.4032,13637.1032,13267.9532,13637.1032,10370.336533333335,11495.8032,13637.1032,14006.2532,13637.1032,13637.1032,13858.593200000001,14006.2532,11495.8032,10428.0282,10948.4032,13637.1032,10948.4032,12226.0532,14006.2532,13760.1532,10948.4032,12059.3032,11585.503200000001,10254.9532,11495.8032,10465.4032,13637.1032,14006.2532,13760.1532,9683.4032,14006.2532,11206.003200000001,14420.2532,13760.1532,11495.8032,10599.9532,13858.593200000001,14006.2532,13267.9532,13267.9532,9683.4032,13637.1032,13267.9532,13637.1032,11495.8032,12059.3032,6853.253200000001,11495.8032,14006.2532,10475.753200000001,13760.1532,13637.1032,13637.1032,11585.503200000001,14006.2532,14006.2532,13637.1032,13637.1032,14006.2532,12059.3032,10465.4032,12226.0532,14006.2532,14593.9032,11495.8032,12059.3032,12059.3032,10125.003200000001,13514.0532,13637.1032,13514.0532,10948.4032,14006.2532,13267.9532,13267.9532,13267.9532,12059.3032,14006.2532,10125.003200000001
Buchanan 6H,DGB_Diesel,29989.45333333333,33028.382,31222.881999999998,31222.881999999998,20305.932,31222.881999999998,31222.881999999998,33028.382,33028.382,31222.881999999998,10199.732,31222.881999999998,31222.881999999998,33028.382,33028.382,31222.881999999998,31222.881999999998,31222.881999999998,31222.881999999998,7275.282000000003,27643.315333333332,31222.881999999998,33028.382,31222.881999999998,31222.881999999998,31222.881999999998,33028.382,31222.881999999998,31222.881999999998,33028.382,31222.881999999998,15949.732,25102.582000000002,33028.382,7275.282000000003,31222.881999999998,31222.881999999998,31222.881999999998,33028.382,31222.881999999998,31222.881999999998,31222.881999999998,33028.382,31222.881999999998,31222.881999999998,31222.881999999998,31222.881999999998,33028.382,31222.881999999998,31222.881999999998,31222.881999999998,31222.881999999998,31222.881999999998,33028.382,31222.881999999998,31222.881999999998,29210.382,31222.881999999998,33028.382,33028.382,33028.382,31222.881999999998,31222.881999999998,31222.881999999998,31222.881999999998,33028.382,33028.382,33028.382,7275.282000000003,31222.881999999998,31222.881999999998,31222.881999999998,33028.382,33028.382,30695.032,33028.382,31222.881999999998,30695.032,33028.382,31222.881999999998,31222.881999999998,31222.881999999998,33028.382,33028.382,31222.881999999998,31222.881999999998,31222.881999999998,31222.881999999998,31222.881999999998,31222.881999999998,31222.881999999998,33028.382,29210.382,33028.382,20071.332000000002,31222.881999999998,31222.881999999998,33028.382,33028.382,33028.382,-1296.8179999999993
Trujillo Alto 4H,Diesel,84172.26,79376.461,86584.66100000001,79376.461,94938.261,79376.461,79376.461,79376.461,97429.161,97112.911,86584.66100000001,79376.461,98520.511,79376.461,79376.461,95768.561,79376.461,79376.461,79376.461,79376.461,79376.461,79376.461,79376.461,79376.461,79376.461,79376.461,79376.461,79376.461,102197.061,97429.161,66839.16100000001,103927.811,97429.161,66839.16100000001,79376.461,79376.461,79376.461,95924.961,97429.161,79376.461,79376.461,79376.461,94938.261,94938.261,98418.161,93355.861,79376.461,96183.711,79376.461,79376.461,79376.461,103374.661,79376.461,79376.461,79376.461,79376.461,79376.461,79376.461,79376.461,79376.461,79376.461,79376.461,97429.161,79376.461,97429.161,95705.311,79376.461,79376.461,79376.461,82382.561,79376.461,79376.461,79376.461,79376.461,97112.911,96183.711,79376.461,79376.461,79376.461,79376.461,79376.461,66839.16100000001,95059.011,95059.011,79376.461,79376.461,79376.461,79376.461,79376.461,66839.16100000001,97429.161,79376.461,79376.461,86584.66100000001,86584.66100000001,79376.461,99831.511,94938.261,79376.461,94938.261,79376.461
Queen Anne's 1H,DGB_Diesel,80565.83533333334,83036.2247,83590.52470000001,83590.52470000001,83313.3747,83442.1747,83313.3747,83036.2247,83313.3747,83313.3747,83405.75803333333,84572.6247,83590.52470000001,83590.52470000001,83313.3747,83147.08469999999,83036.2247,83313.3747,83313.3747,83451.9497,83590.52470000001,83220.99136666668,83036.2247,83036.2247,84572.6247,83220.99136666668,83590.52470000001,83220.99136666668,83590.52470000001,83405.75803333333,83036.2247,83220.99136666668,84572.6247,83405.75803333333,83220.99136666668,83590.52470000001,83313.3747,83036.2247,83036.2247,84572.6247,83313.3747,83036.2247,83036.2247,20048.42470000001,83220.99136666668,83257.94470000001,83590.52470000001,83313.3747,83590.52470000001,83590.52470000001,83313.3747,83451.9497,83220.99136666668,83405.75803333333,83590.52470000001,83590.52470000001,83590.52470000001,83405.75803333333,83313.3747,83313.3747,83036.2247,83036.2247,84572.6247,83590.52470000001,83174.7997,83036.2247,36151.87470000001,83036.2247,83313.3747,28117.39970000001,83590.52470000001,83590.52470000001,83590.52470000001,83036.2247,83313.3747,23114.324700000012,83405.75803333333,83313.3747,83313.3747,83313.3747,83590.52470000001,83590.52470000001,83036.2247,83313.3747,83036.2247,83405.75803333333,83036.2247,83036.2247,83313.3747,83036.2247,83590.52470000001,83313.3747,83590.52470000001,83590.52470000001,83405.75803333333,83590.52470000001,83036.2247,83313.3747,83590.52470000001,26709.224700000006,83442.1747
Floyd 3H,DGB_Diesel,53523.105166666675,48637.209225,62059.434225,28327.404225,61394.734225,61394.734225,32007.634225,61394.734225,44506.984225,81148.284225,61394.734225,44506.984225,61394.734225,49934.984225,61394.734225,61394.734225,49934.984225,54500.484225,54500.484225,47339.434225,54500.484225,61394.734225,61394.734225,44506.984225,61394.734225,61394.734225,64038.584225,54500.484225,61394.734225,29498.334225000002,61394.734225,32007.634225,64038.584225,27757.694225000003,55619.434225,61394.734225,60661.034224999996,47339.434225,61394.734225,30315.217558333337,22360.284225,55619.434225,62059.434225,19699.184225000005,54760.096724999996,61394.734225,61394.734225,49934.984225,61394.734225,62059.434225,61394.734225,54500.484225,54500.484225,48204.61755833334,61394.734225,61394.734225,61394.734225,19496.784225000003,28342.200891666667,49934.984225,61394.734225,61394.734225,61630.484225,38555.734225,61394.734225,81148.284225,61394.734225,47339.434225,61394.734225,61394.734225,61394.734225,49934.984225,19699.184225000005,61394.734225,61394.734225,44506.984225,62059.434225,43450.594225,19496.784225000003,61630.484225,54500.484225,54500.484225,61394.734225,61394.734225,55619.434225,61394.734225,54500.484225,56215.900891666664,61394.734225,54500.484225,21572.534225,61630.484225,61394.734225,54500.484225,20218.60089166667,81148.284225,61394.734225,61394.734225,61394.734225,61394.734225,54500.484225
Monroe 7H,DGB_Diesel,25033.63926190476,22350.33744404762,24092.204110714287,21320.868396428574,32810.35411071429,23421.179110714285,23332.054110714285,23421.179110714285,32810.35411071429,26633.704110714287,27123.029110714288,20208.654110714288,32810.35411071429,23421.179110714285,32810.35411071429,31966.254110714286,20208.654110714288,46299.85411071428,32810.35411071429,26633.704110714287,23166.454110714287,20660.60411071429,20208.654110714288,21251.129110714286,23421.179110714285,21196.887444047617,26633.704110714287,20208.654110714288,23332.054110714285,36214.929110714285,31966.254110714286,28386.687444047617,24492.020777380952,24492.020777380952,40515.35411071428,20208.654110714288,24492.020777380952,31561.454110714287,23421.179110714285,23166.454110714287,26633.704110714287,10943.104110714286,23332.054110714285,23421.179110714285,31561.454110714287,24492.020777380952,21283.674110714284,20208.654110714288,27123.029110714288,26633.704110714287,30914.004110714286,17286.504110714286,16693.10411071429,20208.654110714288,26633.704110714287,21938.254110714286,23421.179110714285,20208.654110714288,21413.85411071429,20208.654110714288,21404.654110714288,26633.704110714287,25348.694110714285,18790.704110714287,26633.704110714287,20208.654110714288,32810.35411071429,20208.654110714288,22778.674110714284,27123.029110714288,21088.404110714288,23421.179110714285,20208.654110714288,22350.33744404762,32810.35411071429,26633.704110714287,20208.654110714288,20660.60411071429,20208.654110714288,23421.179110714285,21404.654110714288,20762.954110714287,18977.004110714286,21088.404110714288,30914.004110714286,31914.504110714286,24492.020777380952,40515.35411071428,23332.054110714285,33102.45411071429,18154.754110714286,22890.454110714287,21404.654110714288,25027.441610714286,24492.020777380952,33885.60411071429,20208.654110714288,18790.704110714287,20208.654110714288,23332.054110714285,47472.85411071428
Johnson 3H,Diesel,71244.2613095238,70976.39413690475,70989.81080357142,72135.21080357143,70989.81080357142,70949.56080357142,71030.06080357142,71030.06080357142,70949.56080357142,70989.81080357142,70989.81080357142,66502.51080357144,70949.56080357142,70989.81080357142,71009.93580357142,70949.56080357142,71003.2274702381,70949.56080357142,70949.56080357142,70949.56080357142,71003.2274702381,70949.56080357142,71003.2274702381,70989.81080357142,70989.81080357142,70949.56080357142,70949.56080357142,71009.93580357142,70976.39413690475,81521.51080357144,74680.16080357143,71030.06080357142,70989.81080357142,72135.21080357143,71030.06080357142,71030.06080357142,71030.06080357142,70949.56080357142,70989.81080357142,73323.16080357143,70949.56080357142,71030.06080357142,70949.56080357142,70949.56080357142,70976.39413690475,70989.81080357142,73775.49413690476,70949.56080357142,71030.06080357142,71013.96080357143,70949.56080357142,70949.56080357142,71030.06080357142,70949.56080357142,66484.93223214286,71009.93580357142,70969.68580357142,70949.56080357142,71003.2274702381,70949.56080357142,70989.81080357142,66502.51080357144,70989.81080357142,70949.56080357142,70989.81080357142,70969.68580357142,71966.16080357143,70989.81080357142,70976.39413690475,70976.39413690475,72870.8274702381,70976.39413690475,70949.56080357142,70949.56080357142,71966.16080357143,70989.81080357142,70949.56080357142,70949.56080357142,70989.81080357142,71966.16080357143,71009.93580357142,71030.06080357142,73738.88580357144,70949.56080357142,71003.2274702381,71030.06080357142,70989.81080357142,71030.06080357142,74844.89830357143,70949.56080357142,73506.39413690475,71030.06080357142,71030.06080357142,70989.81080357142,70949.56080357142,70949.56080357142,70949.56080357142,70949.56080357142,70989.81080357142,71030.06080357142,74944.66080357143
Johnson 1H,DGB_Diesel,33341.769,40446.73465,40446.73465,15951.734650000002,15951.734650000002,40446.73465,15951.734650000002,15951.734650000002,40446.73465,40446.73465,40446.73465,29268.73465,29580.38465,40446.73465,15951.734650000002,29580.38465,40446.73465,18087.28465,34080.33465,40446.73465,30668.28465,34080.33465,40446.73465,40446.73465,26707.10965,31773.43465,40446.73465,40446.73465,34080.33465,34080.33465,29580.38465,29268.73465,24983.144650000002,15951.734650000002,40446.73465,40446.73465,15951.734650000002,40446.73465,40446.73465,40446.73465,34080.33465,40446.73465,62500.28465,40446.73465,40446.73465,30938.53465,40446.73465,40446.73465,40446.73465,40446.73465,40446.73465,40446.73465,33192.53465,15951.734650000002,40446.73465,40446.73465,40446.73465,40446.73465,15951.734650000002,15951.734650000002,40446.73465,34080.33465,30103.63465,40446.73465,40446.73465,34080.33465,36402.18465,40446.73465,15951.734650000002,15951.734650000002,15951.734650000002,40446.73465,29268.73465,15951.734650000002,15951.734650000002,40446.73465,15951.734650000002,40446.73465,40446.73465,40446.73465,40446.73465,29268.73465,40446.73465,15951.734650000002,39269.13465,40446.73465,40446.73465,40446.73465,29268.73465,15951.734650000002,40446.73465,15951.734650000002,40446.73465,40446.73465,33192.53465,40446.73465,40446.73465,40446.73465,15951.734650000002,40446.73465,40446.73465
Hillsborough 3H,Diesel,63381.397761904766,82664.14033571428,67614.09033571428,67614.09033571428,62705.890335714284,61805.44033571429,68458.19033571429,68278.56033571428,68458.19033571429,82664.14033571428,72593.01533571428,62705.890335714284,62705.890335714284,73793.0403357143,67614.09033571428,62705.890335714284,72593.97366904761,68240.84033571428,47832.94033571429,54788.140335714284,75530.11533571429,62705.890335714284,62705.890335714284,45996.390335714284,62705.890335714284,44606.040335714286,62705.890335714284,44606.040335714286,51440.49033571429,74039.90700238096,68240.84033571428,44606.040335714286,62705.890335714284,51440.49033571429,44606.040335714286,62705.890335714284,62705.890335714284,54788.140335714284,80898.89033571428,56777.640335714284,76109.14033571428,62705.890335714284,62705.890335714284,50239.890335714284,80898.89033571428,62705.890335714284,80898.89033571428,68458.19033571429,57587.24033571429,54788.140335714284,54788.140335714284,51440.49033571429,74749.38033571429,82434.14033571428,73939.6653357143,82664.14033571428,44606.040335714286,80898.89033571428,80898.89033571428,62705.890335714284,80898.89033571428,60005.69033571429,68240.84033571428,44606.040335714286,52187.30033571429,62705.890335714284,54788.140335714284,44606.040335714286,68240.84033571428,62705.890335714284,82075.72366904761,62705.890335714284,44606.040335714286,62705.890335714284,54788.140335714284,51440.49033571429,72592.05700238096,72684.44033571429,67198.94033571429,44606.040335714286,68240.84033571428,68240.84033571428,68240.84033571428,62705.890335714284,70279.95462142857,82664.14033571428,54788.140335714284,72590.14033571428,44606.040335714286,60005.69033571429,44606.040335714286,84429.39033571428,76109.14033571428,51440.49033571429,76188.8736690476,62705.890335714284,62705.890335714284,62705.890335714284,44606.040335714286,62705.890335714284,44606.040335714286
Ouachita 4H,Diesel,181121.824,185083.7764,179543.0764,185083.7764,182313.4264,179543.0764,187854.1264,179543.0764,173545.8264,179543.0764,183698.6014,187854.1264,183698.6014,181568.8014,187854.1264,187854.1264,184529.70640000002,187854.1264,185083.7764,183698.6014,182313.4264,179543.0764,187854.1264,182313.4264,187854.1264,187854.1264,185776.3639,181568.8014,185083.7764,182313.4264,142199.1264,183698.6014,183698.6014,185776.3639,183698.6014,187854.1264,185083.7764,181620.8389,171903.6264,181620.8389,183698.6014,187854.1264,187854.1264,183698.6014,179434.9764,187854.1264,183698.6014,187854.1264,179543.0764,181620.8389,179543.0764,135180.6764,183698.6014,171903.6264,179543.0764,187854.1264,187854.1264,185083.7764,182313.4264,171903.6264,145813.57640000002,187854.1264,185083.7764,173545.8264,185083.7764,145887.1764,179543.0764,181568.8014,183698.6014,179543.0764,179543.0764,187854.1264,183698.6014,187854.1264,183698.6014,181205.28639999998,187854.1264,179543.0764,187854.1264,179543.0764,181620.8389,179543.0764,187854.1264,182867.49639999997,183698.6014,187854.1264,187854.1264,136422.6764,183698.6014,185083.7764,171903.6264,187854.1264,183698.6014,187854.1264,180857.5264,183698.6014,179543.0764,187854.1264,179543.0764,179543.0764,183698.6014
Shelby 3H,Diesel,90574.67035714285,78086.04944642857,78654.14944642858,81904.62444642857,138969.34944642856,87023.84944642858,68130.49944642857,78086.04944642857,78086.04944642857,93390.24944642857,93390.24944642857,97963.79944642857,138969.34944642856,138969.34944642856,93390.24944642857,93390.24944642857,84082.72444642858,78086.04944642857,93390.24944642857,78086.04944642857,91020.09944642858,70528.93944642859,93390.24944642857,108027.44944642857,66766.59944642858,89396.29944642857,78654.14944642858,93390.24944642857,80083.9827797619,66742.44944642857,108027.44944642857,87023.84944642858,83939.05658928573,86325.79944642857,80821.1327797619,81178.59111309524,78086.04944642857,93390.24944642857,93390.24944642857,138969.34944642856,83000.820875,93390.24944642857,78086.04944642857,66742.44944642857,78086.04944642857,86303.94944642857,124181.49944642857,87023.84944642858,97216.29944642857,93390.24944642857,78086.04944642857,93390.24944642857,134196.84944642856,149187.09944642856,84082.72444642858,87023.84944642858,78086.04944642857,93390.24944642857,93390.24944642857,93390.24944642857,138969.34944642856,85624.06944642858,93390.24944642857,93390.24944642857,93390.24944642857,82988.11611309524,80463.67444642857,149187.09944642856,93390.24944642857,68627.01194642857,81904.62444642857,81422.19944642857,93390.24944642857,78086.04944642857,82273.19944642857,138969.34944642856,78086.04944642857,86303.94944642857,77125.79944642857,93390.24944642857,67196.69944642857,78086.04944642857,81422.19944642857,78086.04944642857,78086.04944642857,78086.04944642857,66492.32444642857,97216.29944642857,87023.84944642858,93390.24944642857,93390.24944642857,82273.19944642857,134196.84944642856,86674.24944642857,84082.72444642858,83010.34944642858,83881.58944642858,93390.24944642857,93390.24944642857,68130.49944642857,66742.44944642857
Oldham 2H,Diesel,61391.755,61159.16175,53977.41175,61159.16175,60200.63675,48131.38675,61159.16175,61159.16175,62117.68675,60200.63675,60839.65341666666,60679.899249999995,60839.65341666666,61478.67008333333,60679.899249999995,62117.68675,60200.63675,62117.68675,62117.68675,60200.63675,62117.68675,60200.63675,60200.63675,62117.68675,60083.336749999995,62117.68675,60200.63675,60200.63675,62117.68675,62117.68675,60200.63675,82471.92008333333,62117.68675,61159.16175,62117.68675,60839.65341666666,61159.16175,61638.42425,61159.16175,62117.68675,61159.16175,60200.63675,60679.899249999995,61159.16175,62117.68675,61638.42425,80864.98675,61478.67008333333,62117.68675,61478.67008333333,61638.42425,62117.68675,61478.67008333333,60200.63675,62117.68675,60200.63675,60200.63675,61159.16175,61159.16175,60200.63675,62117.68675,61159.16175,61159.16175,60839.65341666666,54924.43675,62117.68675,85404.03675,62117.68675,61478.67008333333,60839.65341666666,60839.65341666666,60200.63675,53977.41175,61159.16175,61159.16175,61159.16175,60200.63675,54924.43675,62117.68675,61478.67008333333,61159.16175,61159.16175,61478.67008333333,62117.68675,54924.43675,62117.68675,62117.68675,61159.16175,61853.18675,60200.63675,62117.68675,60200.63675,62117.68675,60200.63675,61159.16175,60200.63675,62117.68675,60839.65341666666,60200.63675,61159.16175,60839.65341666666
Screven 4H,Diesel,124290.34016666666,129337.298975,129337.298975,111910.198975,108736.88897500001,130345.848975,129337.298975,129337.298975,129337.298975,129337.298975,129337.298975,129337.298975,129337.298975,131777.598975,129337.298975,113368.398975,109441.148975,129337.298975,125605.548975,130345.848975,129337.298975,109441.148975,129337.298975,119433.498975,129337.298975,129337.298975,129337.298975,119124.148975,129337.298975,129337.298975,125605.548975,129337.298975,109441.148975,129337.298975,129337.298975,111424.898975,129337.298975,129337.298975,92247.498975,129337.298975,119433.498975,129337.298975,130345.848975,113413.248975,129337.298975,129337.298975,129337.298975,129337.298975,129337.298975,129337.298975,129337.298975,129337.298975,129337.298975,125605.548975,131777.598975,129337.298975,129337.298975,101601.598975,129337.298975,129337.298975,130345.848975,123548.198975,129337.298975,112411.21564166667,92247.498975,129337.298975,129337.298975,125605.548975,130345.848975,125605.548975,129337.298975,118246.698975,111846.661475,119433.498975,129337.298975,101339.398975,129337.298975,129337.298975,129337.298975,100346.948975,129337.298975,129337.298975,129337.298975,129337.298975,129337.298975,129337.298975,129337.298975,125605.548975,129337.298975,129337.298975,129337.298975,101077.198975,129337.298975,129337.298975,129337.298975,92247.498975,119433.498975,129337.298975,129337.298975,107567.798975,131777.598975
Montgomery 1H,Diesel,80762.07533333333,79035.83870000001,80957.87203333333,80477.3637,79035.83870000001,80477.3637,80477.3637,79996.85536666667,79035.83870000001,76636.9387,80477.3637,79035.83870000001,81918.8887,76636.9387,80477.3637,81918.8887,78206.1137,80477.3637,81918.8887,81918.8887,79996.85536666667,80957.87203333333,80477.3637,81918.8887,80957.87203333333,79996.85536666667,79035.83870000001,80957.87203333333,79035.83870000001,79035.83870000001,81918.8887,79035.83870000001,79035.83870000001,80957.87203333333,86865.0387,86865.0387,79035.83870000001,81918.8887,80477.3637,79035.83870000001,79035.83870000001,79996.85536666667,81918.8887,76636.9387,81918.8887,81918.8887,79035.83870000001,81918.8887,79035.83870000001,81918.8887,80477.3637,76636.9387,80957.87203333333,79035.83870000001,80477.3637,86865.0387,79035.83870000001,79035.83870000001,81918.8887,86865.0387,80477.3637,79035.83870000001,79035.83870000001,81918.8887,80477.3637,79035.83870000001,80957.87203333333,80477.3637,86865.0387,80957.87203333333,80477.3637,81342.27870000001,81918.8887,79035.83870000001,80477.3637,80765.6687,79035.83870000001,86865.0387,80477.3637,80477.3637,81918.8887,80477.3637,79035.83870000001,79996.85536666667,81918.8887,81918.8887,86865.0387,79035.83870000001,80765.6687,80477.3637,81918.8887,79035.83870000001,80957.87203333333,80477.3637,81918.8887,80957.87203333333,86865.0387,79756.6012,79996.85536666667,80765.6687,79756.6012
Adams 5H,DGB_Diesel,23691.265,18111.16025,18111.16025,18111.16025,18111.16025,18111.16025,18111.16025,18111.16025,11757.41025,23628.86025,27235.26025,45335.11025,18111.16025,18111.16025,25844.91025,36672.16025,18111.16025,46211.41025,18111.16025,18111.16025,18111.16025,46211.41025,18111.16025,18111.16025,18111.16025,18111.16025,18111.16025,18111.16025,18111.16025,18111.16025,18111.16025,46211.41025,18111.16025,23628.86025,63947.86025,18111.16025,18111.16025,45335.11025,23628.86025,26583.21025,18111.16025,18111.16025,18111.16025,18111.16025,18111.16025,40716.710250000004,23628.86025,18111.16025,18111.16025,33639.61025,45335.11025,11565.93525,46211.41025,18111.16025,26583.21025,18111.16025,18111.16025,18111.16025,18111.16025,18111.16025,18111.16025,23186.68525,26583.21025,18111.16025,29475.46025,18111.16025,63947.86025,26583.21025,23628.86025,26583.21025,26583.21025,18111.16025,46211.41025,18111.16025,18111.16025,18111.16025,29475.46025,18111.16025,18111.16025,26583.21025,31332.71025,18111.16025,18111.16025,11565.93525,18111.16025,18111.16025,36672.16025,44742.86025,18111.16025,18111.16025,18111.16025,18111.16025,18111.16025,26583.21025,18111.16025,18111.16025,18111.16025,18111.16025,26583.21025,18111.16025,18111.16025
Northern Islands 2H,DGB_Diesel,36424.775,37721.08375,34595.38375,37721.08375,34595.38375,34595.38375,37721.08375,34595.38375,34595.38375,34595.38375,39763.48375,34595.38375,34595.38375,34595.38375,39763.48375,34595.38375,33937.58375,34595.38375,44301.38375,34595.38375,39763.48375,34595.38375,34595.38375,34595.38375,40108.48375,34595.38375,34595.38375,34595.38375,37721.08375,34595.38375,34595.38375,34595.38375,34595.38375,47272.40875,34595.38375,34595.38375,34595.38375,36199.63375,34595.38375,34595.38375,34595.38375,34595.38375,34595.38375,34595.38375,34595.38375,34595.38375,37721.08375,34595.38375,34595.38375,34595.38375,34595.38375,37721.08375,34595.38375,34595.38375,37721.08375,34595.38375,34595.38375,34595.38375,34595.38375,37721.08375,34595.38375,34595.38375,34595.38375,34595.38375,34595.38375,34595.38375,33937.58375,44301.38375,34595.38375,34595.38375,34595.38375,44301.38375,37721.08375,34595.38375,34595.38375,34595.38375,37464.63375,34595.38375,40108.48375,34595.38375,37721.08375,37721.08375,34595.38375,44301.38375,43425.08375,37721.08375,44301.38375,37721.08375,39763.48375,44301.38375,34595.38375,37721.08375,34595.38375,44301.38375,34595.38375,34595.38375,44301.38375,34595.38375,34595.38375,34595.38375,39763.48375
San Luis Obispo 4H,DGB_Diesel,17913.7675,16016.534875000001,16016.534875000001,16016.534875000001,26042.234875000002,16882.484875000002,16016.534875000001,16016.534875000001,16016.534875000001,16016.534875000001,16016.534875000001,16016.534875000001,16016.534875000001,16016.534875000001,16016.534875000001,16016.534875000001,16016.534875000001,16016.534875000001,16016.534875000001,16882.484875000002,16016.534875000001,28372.134875,16016.534875000001,16016.534875000001,16016.534875000001,16882.484875000002,16016.534875000001,19968.797375000002,16016.534875000001,16016.534875000001,16882.484875000002,16016.534875000001,16016.534875000001,16016.534875000001,16016.534875000001,16016.534875000001,16016.534875000001,16016.534875000001,16016.534875000001,16016.534875000001,16016.534875000001,16016.534875000001,16016.534875000001,16882.484875000002,16882.484875000002,16016.534875000001,20195.25154166667,16016.534875000001,16016.534875000001,16016.534875000001,16016.534875000001,16016.534875000001,16016.534875000001,16016.534875000001,26042.234875000002,16016.534875000001,22769.909875,16882.484875000002,16016.534875000001,16016.534875000001,16016.534875000001,16016.534875000001,26042.234875000002,16016.534875000001,16016.534875000001,26250.384875,16882.484875000002,26148.034874999998,25040.584875,27355.151541666666,23743.76820833333,16016.534875000001,16016.534875000001,24637.31820833333,16882.484875000002,16016.534875000001,16016.534875000001,27311.259875,26250.384875,16016.534875000001,16016.534875000001,18283.95154166667,16016.534875000001,16016.534875000001,16016.534875000001,16016.534875000001,18530.434875,34170.434875,16016.534875000001,16016.534875000001,16016.534875000001,16882.484875000002,18530.434875,16016.534875000001,23743.76820833333,26250.384875,16016.534875000001,16016.534875000001,16016.534875000001,16882.484875000002,16882.484875000002
Clay 4H,Diesel,92248.32685714286,90443.60097142858,93847.60097142858,91678.70097142857,97309.10097142858,95901.50097142857,90443.60097142858,90443.60097142858,90443.60097142858,92144.45097142857,100124.30097142857,90443.60097142858,97309.10097142858,90443.60097142858,90443.60097142858,90443.60097142858,92144.45097142857,91678.70097142857,90443.60097142858,92144.45097142857,96746.06097142857,90443.60097142858,95901.50097142857,90443.60097142858,91678.70097142857,90443.60097142858,90443.60097142858,90443.60097142858,108305.40097142856,90443.60097142858,90443.60097142858,83865.60097142858,94091.72954285714,90443.60097142858,100124.30097142857,90443.60097142858,90443.60097142858,108305.40097142856,90443.60097142858,95901.50097142857,90443.60097142858,90443.60097142858,90443.60097142858,90443.60097142858,91678.70097142857,90443.60097142858,92144.45097142857,90443.60097142858,90443.60097142858,90443.60097142858,90443.60097142858,90443.60097142858,100124.30097142857,95901.50097142857,94493.90097142856,90443.60097142858,92144.45097142857,90443.60097142858,93847.60097142858,90443.60097142858,90443.60097142858,88553.00097142857,90443.60097142858,90443.60097142858,90443.60097142858,94493.90097142856,90443.60097142858,92144.45097142857,90443.60097142858,90443.60097142858,91678.70097142857,90443.60097142858,90443.60097142858,92144.45097142857,90443.60097142858,100124.30097142857,90443.60097142858,90443.60097142858,90443.60097142858,95901.50097142857,90443.60097142858,90443.60097142858,90443.60097142858,90443.60097142858,90443.60097142858,92144.45097142857,92144.45097142857,98012.90097142856,92144.45097142857,90443.60097142858,90443.60097142858,90443.60097142858,90443.60097142858,90443.60097142858,90443.60097142858,90443.60097142858,90443.60097142858,90443.60097142858,108305.40097142856,90443.60097142858,90443.60097142858
Dewey 1H,DGB_Diesel,53929.30319047619,53072.20452142857,53307.57118809524,52366.10452142857,53778.304521428574,52366.10452142857,52366.10452142857,53778.304521428574,53778.304521428574,52836.83785476191,53072.20452142857,53072.20452142857,53778.304521428574,53072.20452142857,53307.57118809524,53307.57118809524,53072.20452142857,53778.304521428574,52366.10452142857,52366.10452142857,61569.55452142857,53778.304521428574,52366.10452142857,53778.304521428574,53778.304521428574,53307.57118809524,52930.98452142857,52366.10452142857,52366.10452142857,62263.00452142857,52836.83785476191,53778.304521428574,53072.20452142857,53307.57118809524,52366.10452142857,53307.57118809524,52366.10452142857,52836.83785476191,52366.10452142857,52366.10452142857,53778.304521428574,53778.304521428574,60917.50452142857,52971.333092857145,52719.15452142857,52366.10452142857,53072.20452142857,53072.20452142857,52366.10452142857,53307.57118809524,53778.304521428574,52366.10452142857,52836.83785476191,59327.05452142857,53778.304521428574,52366.10452142857,53072.20452142857,52366.10452142857,52366.10452142857,59327.05452142857,64800.82452142857,62263.00452142857,52930.98452142857,59327.05452142857,53778.304521428574,57829.75452142857,53601.77952142857,53072.20452142857,52366.10452142857,53778.304521428574,52366.10452142857,53072.20452142857,52366.10452142857,53425.25452142857,55530.13785476191,52836.83785476191,53072.20452142857,53778.304521428574,57829.75452142857,53778.304521428574,52719.15452142857,53778.304521428574,53778.304521428574,52366.10452142857,53072.20452142857,53072.20452142857,53072.20452142857,53072.20452142857,53072.20452142857,53778.304521428574,53425.25452142857,53072.20452142857,53778.304521428574,53778.304521428574,53307.57118809524,52366.10452142857,53778.304521428574,53778.304521428574,59327.05452142857,53072.20452142857,53778.304521428574
Jefferson 1H,Diesel,79017.52888888889,78938.72066666666,78938.72066666666,75865.92066666666,78219.97066666666,78219.97066666666,78699.13733333333,79657.47066666666,85579.97066666666,78219.97066666666,79657.47066666666,78938.72066666666,78219.97066666666,78699.13733333333,82914.27066666666,79178.30399999999,75865.92066666666,78219.97066666666,78938.72066666666,79298.09566666666,82914.27066666666,78938.72066666666,79657.47066666666,78219.97066666666,79657.47066666666,78219.97066666666,78219.97066666666,78219.97066666666,78579.34566666666,80248.57066666667,78938.72066666666,78579.34566666666,79657.47066666666,78699.13733333333,78219.97066666666,78579.34566666666,78938.72066666666,78219.97066666666,78938.72066666666,79178.30399999999,75865.92066666666,78938.72066666666,85579.97066666666,78219.97066666666,79369.97066666666,78219.97066666666,79657.47066666666,78938.72066666666,78219.97066666666,85579.97066666666,78938.72066666666,79657.47066666666,75865.92066666666,75865.92066666666,78858.85955555557,78219.97066666666,78219.97066666666,78219.97066666666,78699.13733333333,79178.30399999999,79178.30399999999,79657.47066666666,78219.97066666666,78219.97066666666,78219.97066666666,78219.97066666666,78699.13733333333,78219.97066666666,78938.72066666666,78699.13733333333,78219.97066666666,85579.97066666666,78699.13733333333,85579.97066666666,78219.97066666666,73294.52066666666,79657.47066666666,78579.34566666666,78699.13733333333,78219.97066666666,78219.97066666666,78507.47066666666,78794.97066666666,82914.27066666666,78219.97066666666,76462.77066666666,79657.47066666666,78938.72066666666,79178.30399999999,79657.47066666666,79657.47066666666,78219.97066666666,78699.13733333333,79178.30399999999,78219.97066666666,78938.72066666666,78219.97066666666,79178.30399999999,78219.97066666666,79298.09566666666,78938.72066666666
Lake 2H,DGB_Diesel,75481.62435714286,84166.85634642857,84166.85634642857,58765.65634642857,84166.85634642857,84166.85634642857,58336.706346428575,43058.956346428575,84166.85634642857,84166.85634642857,72004.45634642857,73721.40634642857,73378.01634642856,72004.45634642857,50772.00634642858,84166.85634642857,60744.80634642857,84166.85634642857,84166.85634642857,43260.206346428575,84166.85634642857,84166.85634642857,73721.40634642857,84166.85634642857,84166.85634642857,72004.45634642857,73721.40634642857,73721.40634642857,52979.18491785714,84166.85634642857,84166.85634642857,84166.85634642857,84166.85634642857,42991.87301309523,72862.93134642857,84166.85634642857,42991.87301309523,84166.85634642857,84166.85634642857,84166.85634642857,84166.85634642857,58765.65634642857,84166.85634642857,84166.85634642857,84166.85634642857,84166.85634642857,84166.85634642857,84166.85634642857,43260.206346428575,58765.65634642857,84166.85634642857,84166.85634642857,84166.85634642857,84166.85634642857,46367.50634642858,84166.85634642857,84166.85634642857,84166.85634642857,84166.85634642857,84166.85634642857,84166.85634642857,84166.85634642857,84166.85634642857,72862.93134642857,84166.85634642857,84166.85634642857,84166.85634642857,72004.45634642857,84166.85634642857,73721.40634642857,72862.93134642857,73721.40634642857,50772.00634642858,50772.00634642858,84166.85634642857,84166.85634642857,84166.85634642857,42857.706346428575,84166.85634642857,73721.40634642857,84166.85634642857,84166.85634642857,60744.80634642857,84166.85634642857,72862.93134642857,84166.85634642857,84166.85634642857,84166.85634642857,84166.85634642857,84166.85634642857,84166.85634642857,84166.85634642857,84166.85634642857,72433.69384642858,84166.85634642857,50772.00634642858,47437.77301309524,51206.706346428575,84166.85634642857,84166.85634642857,72862.93134642857
Clark 3H,DGB_Diesel,30174.4535,40921.831975,39744.231975,32331.331975,16426.831975,16691.331975,16691.331975,32331.331975,40921.831975,35443.806975,39744.231975,24511.331975,16691.331975,40921.831975,32331.331975,24511.331975,37594.019475,18562.381975,34555.431975,32331.331975,16426.831975,53314.231975,40921.831975,34555.431975,32331.331975,32248.531974999998,24511.331975,34583.721975,32039.231975,33667.631975,27117.99864166667,29743.831975,16691.331975,29743.831975,40921.831975,22656.381975,16426.831975,32331.331975,32248.531974999998,32331.331975,32248.531974999998,33667.631975,16426.831975,40921.831975,30996.181975,31413.631975,32331.331975,32331.331975,40921.831975,30996.181975,30370.006975,16426.831975,33667.631975,16426.831975,39744.231975,40921.831975,40921.831975,40921.831975,32331.331975,16691.331975,30578.731975,31143.381975,30578.731975,16426.831975,39744.231975,28502.981975,16691.331975,32248.531974999998,24511.331975,16691.331975,20364.431975,30996.181975,29743.831975,16426.831975,32331.331975,30996.181975,31143.381975,31143.381975,26075.331975,16691.331975,32248.531974999998,29743.831975,16426.831975,24511.331975,39744.231975,21904.665308333333,40921.831975,32331.331975,29743.831975,32331.331975,40921.831975,32331.331975,40921.831975,40921.831975,33667.631975,35443.806975,33038.581975,29743.831975,29743.831975,16691.331975,32331.331975
Chambers 5H,DGB_Diesel,60093.1225,52147.631625,60644.981625,60644.981625,60644.981625,54444.564958333336,60644.981625,54374.798291666666,48675.781625,60644.981625,52147.631625,63122.656625,60644.981625,60644.981625,54294.969125,60644.981625,52147.631625,81787.731625,60644.981625,60644.981625,60644.981625,60644.981625,60644.981625,60644.981625,60587.021625,60644.981625,54342.59829166666,60644.981625,60644.981625,60644.981625,60644.981625,60644.981625,60644.981625,60644.981625,60644.981625,60644.981625,60644.981625,60644.981625,68793.881625,60644.981625,60644.981625,60644.981625,60644.981625,74312.731625,51794.581625,51886.581625,60644.981625,64615.241625,64763.131625,60644.981625,59845.731625,53999.131625,60644.981625,53999.131625,54170.86495833334,60644.981625,60644.981625,60644.981625,60644.981625,50281.181625,61338.431625,60644.981625,60644.981625,60644.981625,60644.981625,80162.781625,60644.981625,60644.981625,48675.781625,60644.981625,60644.981625,60644.981625,60644.981625,60644.981625,60644.981625,60644.981625,60644.981625,63978.831625,62575.831625,60644.981625,60644.981625,60644.981625,60644.981625,50281.181625,62890.931625,60644.981625,60644.981625,60644.981625,60644.981625,60644.981625,60644.981625,60644.981625,60644.981625,60644.981625,61482.181625,54409.681625,60644.981625,60644.981625,60644.981625,63122.656625,60644.981625
Plaquemines 1H,Diesel,120197.87599999999,137641.2186,137641.2186,137641.2186,90338.65193333333,137641.2186,137641.2186,114710.7936,90315.84360000001,137641.2186,80922.64360000001,137641.2186,103884.1186,137641.2186,90490.0686,90247.4186,103884.1186,84360.5686,137641.2186,137641.2186,137641.2186,104108.3686,137641.2186,137641.2186,137641.2186,137641.2186,82641.6061,137641.2186,137641.2186,137641.2186,77484.71860000001,137641.2186,137641.2186,84360.5686,137641.2186,80922.64360000001,137641.2186,137641.2186,80922.64360000001,77484.71860000001,137641.2186,137641.2186,137641.2186,137641.2186,82068.6186,137641.2186,137641.2186,137641.2186,137641.2186,137641.2186,137641.2186,90521.1186,137641.2186,137641.2186,137641.2186,90247.4186,137641.2186,79776.6686,137641.2186,103884.1186,137641.2186,137641.2186,137641.2186,137641.2186,137641.2186,137641.2186,82068.6186,137641.2186,137641.2186,137641.2186,115536.6086,137641.2186,79203.6811,137641.2186,105752.8686,137641.2186,90521.1186,112539.0186,137641.2186,90338.65193333333,77484.71860000001,137641.2186,84360.5686,137641.2186,80922.64360000001,93520.3186,90025.46860000001,137641.2186,137641.2186,77484.71860000001,137641.2186,137641.2186,137641.2186,137641.2186,137641.2186,103884.1186,137641.2186,90490.0686,137641.2186,137641.2186,90680.20193333333
Sac 2H,Diesel,93854.89666666667,96724.2655,96724.2655,92898.2155,96724.2655,96724.2655,67638.4655,96724.2655,96724.2655,92898.2155,92898.2155,96724.2655,96724.2655,99205.9655,96724.2655,96724.2655,92898.2155,66250.4155,96724.2655,96724.2655,90528.0655,107535.4155,96724.2655,96724.2655,66250.4155,96724.2655,96724.2655,92898.2155,96724.2655,96724.2655,107535.4155,96724.2655,96724.2655,66250.4155,96724.2655,92898.2155,96724.2655,96724.2655,96724.2655,96724.2655,96724.2655,92898.2155,85213.3405,96724.2655,94441.5155,92898.2155,86369.953,96724.2655,96724.2655,92898.2155,92898.2155,92898.2155,96724.2655,96724.2655,96724.2655,96724.2655,96724.2655,92898.2155,96724.2655,92898.2155,96724.2655,96724.2655,96724.2655,62970.328,92898.2155,96724.2655,92898.2155,92898.2155,92898.2155,96724.2655,96724.2655,96724.2655,92898.2155,96724.2655,92898.2155,87526.5655,96724.2655,92898.2155,99054.1655,96724.2655,96724.2655,92898.2155,96724.2655,96724.2655,96724.2655,96724.2655,96724.2655,96724.2655,92898.2155,92898.2155,96146.9655,107535.4155,92898.2155,96724.2655,96724.2655,96724.2655,96724.2655,96724.2655,62574.05716666667,92898.2155,96724.2655
Bourbon 4H,Diesel,159284.6609047619,160709.9008642857,159932.5008642857,159932.5008642857,147250.5883642857,159932.5008642857,159932.5008642857,159932.5008642857,159932.5008642857,167427.0508642857,159932.5008642857,159932.5008642857,167427.0508642857,159932.5008642857,160709.9008642857,159932.5008642857,145424.5608642857,159932.5008642857,160709.9008642857,159932.5008642857,159932.5008642857,155419.9008642857,145349.35086428572,159932.5008642857,159932.5008642857,159932.5008642857,159932.5008642857,159932.5008642857,159932.5008642857,159932.5008642857,159932.5008642857,145438.88657857143,159932.5008642857,159932.5008642857,159932.5008642857,159932.5008642857,159932.5008642857,167427.0508642857,160709.9008642857,160709.9008642857,159932.5008642857,155720.6258642857,159932.5008642857,159932.5008642857,159932.5008642857,159932.5008642857,159932.5008642857,159932.5008642857,159932.5008642857,153728.2508642857,159932.5008642857,155419.9008642857,159932.5008642857,145474.70086428573,159932.5008642857,160709.9008642857,167427.0508642857,159932.5008642857,159932.5008642857,160709.9008642857,159932.5008642857,159932.5008642857,159932.5008642857,159932.5008642857,159932.5008642857,159932.5008642857,155419.9008642857,159932.5008642857,155419.9008642857,159932.5008642857,159932.5008642857,159932.5008642857,155720.6258642857,159932.5008642857,169773.0508642857,167427.0508642857,159932.5008642857,159932.5008642857,155419.9008642857,159932.5008642857,159932.5008642857,159932.5008642857,159932.5008642857,159932.5008642857,147905.22586428572,159932.5008642857,159932.5008642857,159932.5008642857,159932.5008642857,156021.35086428572,167427.0508642857,159932.5008642857,155570.26336428573,167427.0508642857,159932.5008642857,159932.5008642857,159932.5008642857,155620.38419761907,159932.5008642857,159932.5008642857,159932.5008642857
Utuado 1H,Diesel,104908.26983333334,107222.909525,108044.009525,108044.009525,106486.334525,105359.909525,105825.659525,97177.659525,108044.009525,102923.059525,105164.98452499999,107222.909525,103107.059525,102923.059525,108044.009525,108044.009525,108044.009525,107222.909525,108044.009525,108044.009525,102923.059525,105749.759525,102923.059525,104428.409525,108044.009525,105749.759525,108044.009525,108044.009525,104987.309525,108044.009525,106486.334525,103987.959525,105164.98452499999,108044.009525,94204.52619166666,102923.059525,108044.009525,108044.009525,102923.059525,108044.009525,97177.659525,97177.659525,105164.98452499999,102923.059525,108044.009525,108044.009525,87489.67619166667,105825.659525,103053.009525,106854.622025,108044.009525,102923.059525,108044.009525,103846.509525,97177.659525,103053.009525,102923.059525,102923.059525,108044.009525,102923.059525,108044.009525,104428.409525,108044.009525,102923.059525,123718.509525,105457.372025,108044.009525,97177.659525,106486.334525,102923.059525,108044.009525,106240.809525,105089.084525,108044.009525,105114.384525,108044.009525,105810.479525,103053.009525,103053.009525,106339.019525,108044.009525,108044.009525,108044.009525,108044.009525,103053.009525,102923.059525,108044.009525,102923.059525,104796.697025,108044.009525,93403.129525,106731.85952499999,102923.059525,96127.709525,108044.009525,93748.819525,102923.059525,105164.98452499999,102923.059525,104428.409525,102923.059525
Montmorency 2H,Diesel,123748.02933333334,119398.6956,119398.6956,131064.2956,119398.6956,131064.2956,119674.1206,119398.6956,119398.6956,119398.6956,119398.6956,135670.0456,119398.6956,135972.4956,131064.2956,119398.6956,119398.6956,119398.6956,119398.6956,119398.6956,119398.6956,131064.2956,131064.2956,119398.6956,119398.6956,143148.87893333333,119398.6956,131064.2956,119398.6956,119398.6956,119398.6956,119398.6956,131064.2956,119398.6956,119398.6956,119398.6956,119398.6956,119398.6956,119398.6956,119398.6956,119398.6956,119729.43560000001,119398.6956,119398.6956,119398.6956,119398.6956,141279.1706,135353.2206,119398.6956,131064.2956,119950.6956,119398.6956,139744.4956,119398.6956,110922.0456,119858.50393333333,131064.2956,141279.1706,131064.2956,131064.2956,119398.6956,119398.6956,119398.6956,119398.6956,119398.6956,119581.92893333333,119398.6956,135353.2206,119398.6956,143148.87893333333,131064.2956,119398.6956,119398.6956,119398.6956,139409.46226666664,119398.6956,119398.6956,110922.0456,119398.6956,119398.6956,119398.6956,119398.6956,119398.6956,119398.6956,146888.2956,119398.6956,119398.6956,119398.6956,143148.87893333333,119398.6956,119398.6956,119398.6956,119398.6956,131064.2956,119398.6956,119398.6956,146888.2956,119398.6956,119398.6956,131064.2956,131064.2956
Mineral 6H,DGB_Diesel,19935.816666666666,17921.8025,18097.1775,17457.7775,17457.7775,17457.7775,17457.7775,17247.3275,17457.7775,17913.1775,17733.7775,17457.7775,23625.687500000004,8783.327500000001,17247.3275,17457.7775,17247.3275,17733.7775,17247.3275,17247.3275,17247.3275,23115.010833333334,17457.7775,23128.4275,35666.11083333334,17457.7775,18009.49,24371.5775,17457.7775,17457.7775,24371.5775,17457.7775,34043.0775,17247.3275,17247.3275,17746.4275,32326.127500000002,17247.3275,17913.1775,17457.7775,37045.7275,17457.7775,37045.7275,21607.744166666667,17247.3275,17913.1775,17247.3275,17913.1775,17247.3275,17247.3275,18198.377500000002,23128.4275,23957.194166666668,17247.3275,17457.7775,17746.4275,17457.7775,21579.377500000002,17913.1775,17457.7775,17457.7775,17457.7775,17457.7775,17457.7775,36808.1375,22855.494166666667,17247.3275,17980.260833333334,24371.5775,21551.010833333334,17457.7775,17457.7775,23128.4275,17457.7775,21900.2275,17457.7775,25738.9275,17247.3275,17457.7775,17457.7775,17247.3275,17457.7775,35724.3775,17457.7775,17247.3275,23750.002500000002,17457.7775,17247.3275,16130.677500000002,18919.4275,15705.177500000002,24371.5775,17746.4275,17457.7775,17980.260833333334,21494.2775,17921.8025,17457.7775,21562.357500000002,18009.49,37035.3775
Johnson 1H,Diesel,33341.769,40446.73465,40446.73465,15951.734650000002,15951.734650000002,40446.73465,15951.734650000002,15951.734650000002,40446.73465,40446.73465,40446.73465,29268.73465,29580.38465,40446.73465,15951.734650000002,29580.38465,40446.73465,18087.28465,34080.33465,40446.73465,30668.28465,34080.33465,40446.73465,40446.73465,26707.10965,31773.43465,40446.73465,40446.73465,34080.33465,34080.33465,29580.38465,29268.73465,24983.144650000002,15951.734650000002,40446.73465,40446.73465,15951.734650000002,40446.73465,40446.73465,40446.73465,34080.33465,40446.73465,62500.28465,40446.73465,40446.73465,30938.53465,40446.73465,40446.73465,40446.73465,40446.73465,40446.73465,40446.73465,33192.53465,15951.734650000002,40446.73465,40446.73465,40446.73465,40446.73465,15951.734650000002,15951.734650000002,40446.73465,34080.33465,30103.63465,40446.73465,40446.73465,34080.33465,36402.18465,40446.73465,15951.734650000002,15951.734650000002,15951.734650000002,40446.73465,29268.73465,15951.734650000002,15951.734650000002,40446.73465,15951.734650000002,40446.73465,40446.73465,40446.73465,40446.73465,29268.73465,40446.73465,15951.734650000002,39269.13465,40446.73465,40446.73465,40446.73465,29268.73465,15951.734650000002,40446.73465,15951.734650000002,40446.73465,40446.73465,33192.53465,40446.73465,40446.73465,40446.73465,15951.734650000002,40446.73465,40446.73465
Gilmer 6H,Diesel,142676.6075,142237.183875,146320.258875,146320.258875,137320.358875,138154.108875,144278.721375,142237.183875,146320.258875,142237.183875,157533.52554166666,137320.358875,146320.258875,142237.183875,143598.208875,142237.183875,138154.108875,138154.108875,146320.258875,143598.208875,146320.258875,138154.108875,142237.183875,138154.108875,143598.208875,142237.183875,146320.258875,138154.108875,140876.158875,146320.258875,146320.258875,140876.158875,138154.108875,143053.798875,146320.258875,159568.64220833333,146320.258875,138154.108875,151653.958875,138154.108875,140876.158875,140876.158875,137320.358875,142237.183875,140876.158875,142237.183875,146320.258875,146320.258875,157506.308875,142237.183875,142237.183875,143598.208875,146320.258875,146320.258875,146320.258875,146320.258875,138154.108875,142237.183875,146320.258875,142237.183875,146320.258875,141420.568875,138154.108875,142237.183875,140195.646375,146320.258875,138154.108875,146320.258875,138154.108875,140876.158875,140876.158875,146320.258875,154412.808875,138154.108875,146320.258875,138154.108875,140876.158875,137320.358875,138154.108875,146320.258875,137320.358875,138154.108875,143598.208875,141420.568875,138154.108875,137320.358875,143053.798875,137344.508875,146320.258875,146320.258875,140876.158875,138154.108875,140876.158875,142237.183875,142237.183875,138154.108875,138154.108875,140195.646375,143598.208875,138154.108875,142237.183875
